IdCiudad,IdMunicipio,NOMBRE,Tot_Loc
1,1,AGUASCALIENTES,738
1,2,ASIENTOS,229
1,3,CALVILLO,295
1,4,COSIO,75
1,5,JESUS MARIA,314
1,6,PABELLON DE ARTEAGA,289
1,7,RINCON DE ROMOS,342
1,8,SAN JOSE DE GRACIA,107
1,9,TEPEZALA,122
1,10,EL LLANO,227
1,11,SAN FRANCISCO DE LOS ROMO,105
2,1,ENSENADA,2853
2,2,MEXICALI,2267
2,3,TECATE,656
2,4,TIJUANA,642
2,5,PLAYAS DE ROSARITO,205
3,1,COMONDU,1356
3,2,MULEGE,789
3,3,LA PAZ,1462
3,8,LOS CABOS,670
3,9,LORETO,217
4,1,CALKINI,359
4,2,CAMPECHE,422
4,3,CARMEN,1498
4,4,CHAMPOTON,634
4,5,HECELCHAKAN,63
4,6,HOPELCHEN,173
4,7,PALIZADA,232
4,8,TENABO,66
4,9,ESCARCEGA,416
4,10,CALAKMUL,96
4,11,CANDELARIA,1099
5,1,ABASOLO,39
5,2,ACUÑA,294
5,3,ALLENDE,152
5,4,ARTEAGA,648
5,5,CANDELA,132
5,6,CASTAÑOS,265
5,7,CUATROCIENEGAS,221
5,8,ESCOBEDO,60
5,9,FRANCISCO I. MADERO,190
5,10,FRONTERA,149
5,11,GENERAL CEPEDA,205
5,12,GUERRERO,200
5,13,HIDALGO,90
5,14,JIMENEZ,168
5,15,JUAREZ,177
5,16,LAMADRID,34
5,17,MATAMOROS,289
5,18,MONCLOVA,338
5,19,MORELOS,158
5,20,MUZQUIZ,634
5,21,NADADORES,82
5,22,NAVA,340
5,23,OCAMPO,372
5,24,PARRAS,341
5,25,PIEDRAS NEGRAS,170
5,26,PROGRESO,157
5,27,RAMOS ARIZPE,434
5,28,SABINAS,324
5,29,SACRAMENTO,30
5,30,SALTILLO,663
5,31,SAN BUENAVENTURA,209
5,32,SAN JUAN DE SABINAS,160
5,33,SAN PEDRO,456
5,34,SIERRA MOJADA,131
5,35,TORREON,141
5,36,VIESCA,129
5,37,VILLA UNION,238
5,38,ZARAGOZA,498
6,1,ARMERIA,207
6,2,COLIMA,455
6,3,COMALA,305
6,4,COQUIMATLAN,261
6,5,CUAUHTEMOC,352
6,6,IXTLAHUACAN,77
6,7,MANZANILLO,510
6,8,MINATITLAN,137
6,9,TECOMAN,800
6,10,VILLA DE ALVAREZ,213
7,1,ACACOYAGUA,182
7,2,ACALA,241
7,3,ACAPETAHUA,257
7,4,ALTAMIRANO,177
7,5,AMATAN,135
7,6,AMATENANGO DE LA FRONTERA,121
7,7,AMATENANGO DEL VALLE,52
7,8,ANGEL ALBINO CORZO,189
7,9,ARRIAGA,405
7,10,BEJUCAL DE OCAMPO,36
7,11,BELLA VISTA,81
7,12,BERRIOZABAL,440
7,13,BOCHIL,74
7,14,EL BOSQUE,56
7,15,CACAHOATAN,107
7,16,CATAZAJA,214
7,17,CINTALAPA,813
7,18,COAPILLA,49
7,19,COMITAN DE DOMINGUEZ,321
7,20,LA CONCORDIA,768
7,21,COPAINALA,167
7,22,CHALCHIHUITAN,41
7,23,CHAMULA,132
7,24,CHANAL,17
7,25,CHAPULTENANGO,33
7,26,CHENALHO,99
7,27,CHIAPA DE CORZO,367
7,28,CHIAPILLA,19
7,29,CHICOASEN,24
7,30,CHICOMUSELO,263
7,31,CHILON,627
7,32,ESCUINTLA,211
7,33,FRANCISCO LEON,46
7,34,FRONTERA COMALAPA,264
7,35,FRONTERA HIDALGO,15
7,36,LA GRANDEZA,40
7,37,HUEHUETAN,105
7,38,HUIXTAN,62
7,39,HUITIUPAN,92
7,40,HUIXTLA,236
7,41,LA INDEPENDENCIA,118
7,42,IXHUATAN,53
7,43,IXTACOMITAN,69
7,44,IXTAPA,73
7,45,IXTAPANGAJOYA,23
7,46,JIQUIPILAS,519
7,47,JITOTOL,54
7,48,JUAREZ,49
7,49,LARRAINZAR,68
7,50,LA LIBERTAD,94
7,51,MAPASTEPEC,716
7,52,LAS MARGARITAS,435
7,53,MAZAPA DE MADERO,49
7,54,MAZATAN,147
7,55,METAPA,7
7,56,MITONTIC,15
7,57,MOTOZINTLA,385
7,58,NICOLAS RUIZ,3
7,59,OCOSINGO,1213
7,60,OCOTEPEC,38
7,61,OCOZOCOAUTLA DE ESPINOSA,999
7,62,OSTUACAN,101
7,63,OSUMACINTA,16
7,64,OXCHUC,125
7,65,PALENQUE,842
7,66,PANTELHO,135
7,67,PANTEPEC,54
7,68,PICHUCALCO,82
7,69,PIJIJIAPAN,1253
7,70,EL PORVENIR,50
7,71,VILLA COMALTITLAN,162
7,72,PUEBLO NUEVO SOLISTAHUACAN,92
7,73,RAYON,42
7,74,REFORMA,33
7,75,LAS ROSAS,125
7,76,SABANILLA,67
7,77,SALTO DE AGUA,348
7,78,SAN CRISTOBAL DE LAS CASAS,102
7,79,SAN FERNANDO,186
7,80,SILTEPEC,192
7,81,SIMOJOVEL,131
7,82,SITALA,125
7,83,SOCOLTENANGO,112
7,84,SOLOSUCHIAPA,66
7,85,SOYALO,20
7,86,SUCHIAPA,121
7,87,SUCHIATE,170
7,88,SUNUAPA,14
7,89,TAPACHULA,543
7,90,TAPALAPA,17
7,91,TAPILULA,45
7,92,TECPATAN,469
7,93,TENEJAPA,61
7,94,TEOPISCA,108
7,96,TILA,157
7,97,TONALA,886
7,98,TOTOLAPA,29
7,99,LA TRINITARIA,514
7,100,TUMBALA,113
7,101,TUXTLA GUTIERREZ,150
7,102,TUXTLA CHICO,52
7,103,TUZANTAN,123
7,104,TZIMOL,107
7,105,UNION JUAREZ,39
7,106,VENUSTIANO CARRANZA,390
7,107,VILLA CORZO,1769
7,108,VILLAFLORES,1415
7,109,YAJALON,218
7,110,SAN LUCAS,13
7,111,ZINACANTAN,55
7,112,SAN JUAN CANCUC,36
7,113,ALDAMA,21
7,114,BENEMERITO DE LAS AMERICAS,71
7,115,MARAVILLA TENEJAPA,46
7,116,MARQUES DE COMILLAS,28
7,117,MONTECRISTO DE GUERRERO,82
7,118,SAN ANDRES DURAZNAL,13
7,119,SANTIAGO EL PINAR,13
8,1,AHUMADA,511
8,2,ALDAMA,417
8,3,ALLENDE,138
8,4,AQUILES SERDAN,43
8,5,ASCENSION,449
8,6,BACHINIVA,108
8,7,BALLEZA,581
8,8,BATOPILAS,578
8,9,BOCOYNA,593
8,10,BUENAVENTURA,222
8,11,CAMARGO,593
8,12,CARICHI,296
8,13,CASAS GRANDES,277
8,14,CORONADO,77
8,15,COYAME DEL SOTOL,220
8,16,LA CRUZ,62
8,17,CUAUHTEMOC,573
8,18,CUSIHUIRIACHI,178
8,19,CHIHUAHUA,797
8,20,CHINIPAS,255
8,21,DELICIAS,573
8,22,DR. BELISARIO DOMINGUEZ,41
8,23,GALEANA,72
8,24,SANTA ISABEL,50
8,25,GOMEZ FARIAS,39
8,26,GRAN MORELOS,47
8,27,GUACHOCHI,1489
8,28,GUADALUPE,195
8,29,GUADALUPE Y CALVO,1363
8,30,GUAZAPARES,445
8,31,GUERRERO,768
8,32,HIDALGO DEL PARRAL,182
8,33,HUEJOTITAN,51
8,34,IGNACIO ZARAGOZA,100
8,35,JANOS,313
8,36,JIMENEZ,441
8,37,JUAREZ,267
8,38,JULIMES,117
8,39,LOPEZ,102
8,40,MADERA,523
8,41,MAGUARICHI,158
8,42,MANUEL BENAVIDES,180
8,43,MATACHI,72
8,44,MATAMOROS,102
8,45,MEOQUI,780
8,46,MORELOS,434
8,47,MORIS,181
8,48,NAMIQUIPA,344
8,49,NONOAVA,166
8,50,NUEVO CASAS GRANDES,127
8,51,OCAMPO,216
8,52,OJINAGA,304
8,53,PRAXEDIS G. GUERRERO,81
8,54,RIVA PALACIO,150
8,55,ROSALES,459
8,56,ROSARIO,61
8,57,SAN FRANCISCO DE BORJA,81
8,58,SAN FRANCISCO DE CONCHOS,80
8,59,SAN FRANCISCO DEL ORO,85
8,60,SANTA BARBARA,84
8,61,SATEVO,241
8,62,SAUCILLO,398
8,63,TEMOSACHI,315
8,64,EL TULE,35
8,65,URIQUE,1175
8,66,URUACHI,414
8,67,VALLE DE ZARAGOZA,157
9,2,AZCAPOTZALCO,1
9,3,COYOACAN,1
9,4,CUAJIMALPA DE MORELOS,22
9,5,GUSTAVO A. MADERO,1
9,6,IZTACALCO,1
9,7,IZTAPALAPA,1
9,8,LA MAGDALENA CONTRERAS,30
9,9,MILPA ALTA,204
9,10,ALVARO OBREGON,9
9,11,TLAHUAC,45
9,12,TLALPAN,181
9,13,XOCHIMILCO,103
9,14,BENITO JUAREZ,1
9,15,CUAUHTEMOC,1
9,16,MIGUEL HIDALGO,1
9,17,VENUSTIANO CARRANZA,1
10,1,CANATLAN,301
10,2,CANELAS,154
10,3,CONETO DE COMONFORT,59
10,4,CUENCAME,252
10,5,DURANGO,1115
10,6,GRAL. SIMON BOLIVAR,51
10,7,GOMEZ PALACIO,497
10,8,GUADALUPE VICTORIA,84
10,9,GUANACEVI,314
10,10,HIDALGO,113
10,11,INDE,83
10,12,LERDO,400
10,13,MAPIMI,265
10,14,MEZQUITAL,1291
10,15,NAZAS,73
10,16,NOMBRE DE DIOS,105
10,17,OCAMPO,183
10,18,EL ORO,111
10,19,OTAEZ,106
10,20,PANUCO DE CORONADO,56
10,21,PEÑON BLANCO,102
10,22,POANAS,57
10,23,PUEBLO NUEVO,521
10,24,RODEO,66
10,25,SAN BERNARDO,107
10,26,SAN DIMAS,571
10,27,SAN JUAN DE GUADALUPE,69
10,28,SAN JUAN DEL RIO,108
10,29,SAN LUIS DEL CORDERO,16
10,30,SAN PEDRO DEL GALLO,67
10,31,SANTA CLARA,42
10,32,SANTIAGO PAPASQUIARO,398
10,33,SUCHIL,61
10,34,TAMAZULA,823
10,35,TEPEHUANES,331
10,36,TLAHUALILO,145
10,37,TOPIA,315
10,38,VICENTE GUERRERO,27
10,39,NUEVO IDEAL,167
11,1,ABASOLO,342
11,2,ACAMBARO,267
11,3,ALLENDE,629
11,4,APASEO EL ALTO,156
11,5,APASEO EL GRANDE,223
11,6,ATARJEA,40
11,7,CELAYA,373
11,8,MANUEL DOBLADO,357
11,9,COMONFORT,186
11,10,CORONEO,27
11,11,CORTAZAR,149
11,12,CUERAMARO,100
11,13,DOCTOR MORA,81
11,14,DOLORES HIDALGO,612
11,15,GUANAJUATO,267
11,16,HUANIMARO,54
11,17,IRAPUATO,544
11,18,JARAL DEL PROGRESO,57
11,19,JERECUARO,184
11,20,LEON,639
11,21,MOROLEON,27
11,22,OCAMPO,183
11,23,PENJAMO,582
11,24,PUEBLO NUEVO,60
11,25,PURISIMA DEL RINCON,127
11,26,ROMITA,358
11,27,SALAMANCA,407
11,28,SALVATIERRA,97
11,29,SAN DIEGO DE LA UNION,214
11,30,SAN FELIPE,553
11,31,SAN FRANCISCO DEL RINCON,231
11,32,SAN JOSE ITURBIDE,261
11,33,SAN LUIS DE LA PAZ,535
11,34,SANTA CATARINA,44
11,35,SANTA CRUZ DE JUVENTINO ROSAS,200
11,36,SANTIAGO MARAVATIO,14
11,37,SILAO,462
11,38,TARANDACUAO,34
11,39,TARIMORO,107
11,40,TIERRA BLANCA,76
11,41,URIANGATO,35
11,42,VALLE DE SANTIAGO,280
11,43,VICTORIA,200
11,44,VILLAGRAN,153
11,45,XICHU,86
11,46,YURIRIA,130
12,1,ACAPULCO DE JUAREZ,289
12,2,AHUACUOTZINGO,160
12,3,AJUCHITLAN DEL PROGRESO,202
12,4,ALCOZAUCA DE GUERRERO,36
12,5,ALPOYECA,13
12,6,APAXTLA,59
12,7,ARCELIA,158
12,8,ATENANGO DEL RIO,32
12,9,ATLAMAJALCINGO DEL MONTE,17
12,10,ATLIXTAC,121
12,11,ATOYAC DE ALVAREZ,241
12,12,AYUTLA DE LOS LIBRES,145
12,13,AZOYU,85
12,14,BENITO JUAREZ,74
12,15,BUENAVISTA DE CUELLAR,64
12,16,COAHUAYUTLA DE JOSE MARIA IZAZAGA,286
12,17,COCULA,36
12,18,COPALA,51
12,19,COPALILLO,76
12,20,COPANATOYAC,53
12,21,COYUCA DE BENITEZ,185
12,22,COYUCA DE CATALAN,513
12,23,CUAJINICUILAPA,204
12,24,CUALAC,85
12,25,CUAUTEPEC,37
12,26,CUETZALA DEL PROGRESO,24
12,27,CUTZAMALA DE PINZON,197
12,28,CHILAPA DE ALVAREZ,210
12,29,CHILPANCINGO DE LOS BRAVO,188
12,30,FLORENCIO VILLARREAL,57
12,31,GENERAL CANUTO A. NERI,68
12,32,GENERAL HELIODORO CASTILLO,313
12,33,HUAMUXTITLAN,23
12,34,HUITZUCO DE LOS FIGUEROA,95
12,35,IGUALA DE LA INDEPENDENCIA,112
12,36,IGUALAPA,19
12,37,IXCATEOPAN DE CUAUHTEMOC,35
12,38,JOSE AZUETA,272
12,39,JUAN R. ESCUDERO,40
12,40,LEONARDO BRAVO,66
12,41,MALINALTEPEC,112
12,42,MARTIR DE CUILAPAN,23
12,43,METLATONOC,85
12,44,MOCHITLAN,48
12,45,OLINALA,244
12,46,OMETEPEC,171
12,47,PEDRO ASCENCIO ALQUISIRAS,89
12,48,PETATLAN,389
12,49,PILCAYA,43
12,50,PUNGARABATO,29
12,51,QUECHULTENANGO,92
12,52,SAN LUIS ACATLAN,115
12,53,SAN MARCOS,169
12,54,SAN MIGUEL TOTOLAPAN,256
12,55,TAXCO DE ALARCON,145
12,56,TECOANAPA,67
12,57,TECPAN DE GALEANA,528
12,58,TELOLOAPAN,240
12,59,TEPECOACUILCO DE TRUJANO,80
12,60,TETIPAC,53
12,61,TIXTLA DE GUERRERO,60
12,62,TLACOACHISTLAHUACA,96
12,63,TLACOAPA,61
12,64,TLALCHAPA,40
12,65,TLALIXTAQUILLA DE MALDONADO,23
12,66,TLAPA DE COMONFORT,142
12,67,TLAPEHUALA,34
12,68,LA UNION DE ISIDORO MONTES DE OCA,218
12,69,XALPATLAHUAC,21
12,70,XOCHIHUEHUETLAN,26
12,71,XOCHISTLAHUACA,141
12,72,ZAPOTITLAN TABLAS,31
12,73,ZIRANDARO,441
12,74,ZITLALA,37
12,75,EDUARDO NERI,63
12,76,ACATEPEC,116
12,77,MARQUELIA,40
12,78,COCHOAPA EL GRANDE,132
12,79,JOSE JOAQUIN DE HERRERA,70
12,80,JUCHITAN,41
12,81,ILIATENCO,39
13,1,ACATLAN,54
13,2,ACAXOCHITLAN,63
13,3,ACTOPAN,40
13,4,AGUA BLANCA DE ITURBIDE,28
13,5,AJACUBA,21
13,6,ALFAJAYUCAN,70
13,7,ALMOLOYA,119
13,8,APAN,110
13,9,EL ARENAL,23
13,10,ATITALAQUIA,22
13,11,ATLAPEXCO,53
13,12,ATOTONILCO EL GRANDE,67
13,13,ATOTONILCO DE TULA,23
13,14,CALNALI,93
13,15,CARDONAL,95
13,16,CUAUTEPEC DE HINOJOSA,100
13,17,CHAPANTONGO,45
13,18,CHAPULHUACAN,108
13,19,CHILCUAUTLA,30
13,20,ELOXOCHITLAN,24
13,21,EMILIANO ZAPATA,19
13,22,EPAZOYUCAN,73
13,23,FRANCISCO I. MADERO,36
13,24,HUASCA DE OCAMPO,65
13,25,HUAUTLA,72
13,26,HUAZALINGO,41
13,27,HUEHUETLA,98
13,28,HUEJUTLA DE REYES,200
13,29,HUICHAPAN,110
13,30,IXMIQUILPAN,109
13,31,JACALA DE LEDEZMA,55
13,32,JALTOCAN,30
13,33,JUAREZ HIDALGO,16
13,34,LOLOTLA,63
13,35,METEPEC,36
13,36,SAN AGUSTIN METZQUITITLAN,48
13,37,METZTITLAN,128
13,38,MINERAL DEL CHICO,36
13,39,MINERAL DEL MONTE,25
13,40,LA MISION,92
13,41,MIXQUIAHUALA DE JUAREZ,35
13,42,MOLANGO DE ESCAMILLA,50
13,43,NICOLAS FLORES,47
13,44,NOPALA DE VILLAGRAN,111
13,45,OMITLAN DE JUAREZ,33
13,46,SAN FELIPE ORIZATLAN,136
13,47,PACULA,39
13,48,PACHUCA DE SOTO,22
13,49,PISAFLORES,82
13,50,PROGRESO DE OBREGON,21
13,51,MINERAL DE LA REFORMA,39
13,52,SAN AGUSTIN TLAXIACA,59
13,53,SAN BARTOLO TUTOTEPEC,141
13,54,SAN SALVADOR,50
13,55,SANTIAGO DE ANAYA,30
13,56,SANTIAGO TULANTEPEC DE LUGO GUERRERO,27
13,57,SINGUILUCAN,128
13,58,TASQUILLO,41
13,59,TECOZAUTLA,81
13,60,TENANGO DE DORIA,58
13,61,TEPEAPULCO,75
13,62,TEPEHUACAN DE GUERRERO,102
13,63,TEPEJI DEL RIO DE OCAMPO,72
13,64,TEPETITLAN,22
13,65,TETEPANGO,8
13,66,VILLA DE TEZONTEPEC,26
13,67,TEZONTEPEC DE ALDAMA,40
13,68,TIANGUISTENGO,75
13,69,TIZAYUCA,30
13,70,TLAHUELILPAN,12
13,71,TLAHUILTEPA,135
13,72,TLANALAPA,31
13,73,TLANCHINOL,95
13,74,TLAXCOAPAN,15
13,75,TOLCAYUCA,33
13,76,TULA DE ALLENDE,74
13,77,TULANCINGO DE BRAVO,71
13,78,XOCHIATIPAN,41
13,79,XOCHICOATLAN,35
13,80,YAHUALICA,37
13,81,ZACUALTIPAN DE ANGELES,53
13,82,ZAPOTLAN DE JUAREZ,28
13,83,ZEMPOALA,104
13,84,ZIMAPAN,171
14,1,ACATIC,117
14,2,ACATLAN DE JUAREZ,53
14,3,AHUALULCO DE MERCADO,68
14,4,AMACUECA,63
14,5,AMATITAN,59
14,6,AMECA,163
14,7,SAN JUANITO DE ESCOBEDO,41
14,8,ARANDAS,352
14,9,EL ARENAL,58
14,10,ATEMAJAC DE BRIZUELA,40
14,11,ATENGO,66
14,12,ATENGUILLO,125
14,13,ATOTONILCO EL ALTO,202
14,14,ATOYAC,62
14,15,AUTLAN DE NAVARRO,301
14,16,AYOTLAN,138
14,17,AYUTLA,161
14,18,LA BARCA,219
14,19,BOLAÑOS,249
14,20,CABO CORRIENTES,218
14,21,CASIMIRO CASTILLO,142
14,22,CIHUATLAN,107
14,23,ZAPOTLAN EL GRANDE,192
14,24,COCULA,61
14,25,COLOTLAN,141
14,26,CONCEPCION DE BUENOS AIRES,53
14,27,CUAUTITLAN DE GARCIA BARRAGAN,197
14,28,CUAUTLA,66
14,29,CUQUIO,216
14,30,CHAPALA,74
14,31,CHIMALTITAN,166
14,32,CHIQUILISTLAN,46
14,33,DEGOLLADO,124
14,34,EJUTLA,56
14,35,ENCARNACION DE DIAZ,477
14,36,ETZATLAN,94
14,37,EL GRULLO,142
14,38,GUACHINANGO,211
14,39,GUADALAJARA,4
14,40,HOSTOTIPAQUILLO,97
14,41,HUEJUCAR,98
14,42,HUEJUQUILLA EL ALTO,115
14,43,LA HUERTA,280
14,44,IXTLAHUACAN DE LOS MEMBRILLOS,142
14,45,IXTLAHUACAN DEL RIO,274
14,46,JALOSTOTITLAN,232
14,47,JAMAY,53
14,48,JESUS MARIA,203
14,49,JILOTLAN DE LOS DOLORES,300
14,50,JOCOTEPEC,82
14,51,JUANACATLAN,43
14,52,JUCHITLAN,59
14,53,LAGOS DE MORENO,580
14,54,EL LIMON,47
14,55,MAGDALENA,54
14,56,SANTA MARIA DEL ORO,165
14,57,LA MANZANILLA DE LA PAZ,31
14,58,MASCOTA,255
14,59,MAZAMITLA,81
14,60,MEXTICACAN,130
14,61,MEZQUITIC,750
14,62,MIXTLAN,86
14,63,OCOTLAN,90
14,64,OJUELOS DE JALISCO,112
14,65,PIHUAMO,262
14,66,PONCITLAN,131
14,67,PUERTO VALLARTA,164
14,68,VILLA PURIFICACION,324
14,69,QUITUPAN,166
14,70,EL SALTO,59
14,71,SAN CRISTOBAL DE LA BARRANCA,184
14,72,SAN DIEGO DE ALEJANDRIA,118
14,73,SAN JUAN DE LOS LAGOS,297
14,74,SAN JULIAN,79
14,75,SAN MARCOS,84
14,76,SAN MARTIN DE BOLAÑOS,192
14,77,SAN MARTIN HIDALGO,72
14,78,SAN MIGUEL EL ALTO,240
14,79,GOMEZ FARIAS,56
14,80,SAN SEBASTIAN DEL OESTE,164
14,81,SANTA MARIA DE LOS ANGELES,46
14,82,SAYULA,112
14,83,TALA,170
14,84,TALPA DE ALLENDE,288
14,85,TAMAZULA DE GORDIANO,340
14,86,TAPALPA,188
14,87,TECALITLAN,336
14,88,TECOLOTLAN,130
14,89,TECHALUTA DE MONTENEGRO,29
14,90,TENAMAXTLAN,76
14,91,TEOCALTICHE,289
14,92,TEOCUITATLAN DE CORONA,44
14,93,TEPATITLAN DE MORELOS,442
14,94,TEQUILA,381
14,95,TEUCHITLAN,53
14,96,TIZAPAN EL ALTO,42
14,97,TLAJOMULCO DE ZUÑIGA,413
14,98,TLAQUEPAQUE,49
14,99,TOLIMAN,76
14,100,TOMATLAN,364
14,101,TONALA,89
14,102,TONAYA,56
14,103,TONILA,52
14,104,TOTATICHE,129
14,105,TOTOTLAN,180
14,106,TUXCACUESCO,39
14,107,TUXCUECA,44
14,108,TUXPAN,186
14,109,UNION DE SAN ANTONIO,220
14,110,UNION DE TULA,121
14,111,VALLE DE GUADALUPE,116
14,112,VALLE DE JUAREZ,60
14,113,SAN GABRIEL,157
14,114,VILLA CORONA,43
14,115,VILLA GUERRERO,177
14,116,VILLA HIDALGO,96
14,117,CAÑADAS DE OBREGON,111
14,118,YAHUALICA DE GONZALEZ GALLO,264
14,119,ZACOALCO DE TORRES,54
14,120,ZAPOPAN,369
14,121,ZAPOTILTIC,67
14,122,ZAPOTITLAN DE VADILLO,48
14,123,ZAPOTLAN DEL REY,125
14,124,ZAPOTLANEJO,246
14,125,SAN IGNACIO CERRO GORDO,83
15,1,ACAMBAY,97
15,2,ACOLMAN,30
15,3,ACULCO,60
15,4,ALMOLOYA DE ALQUISIRAS,37
15,5,ALMOLOYA DE JUAREZ,108
15,6,ALMOLOYA DEL RIO,3
15,7,AMANALCO,29
15,8,AMATEPEC,195
15,9,AMECAMECA,67
15,10,APAXCO,20
15,11,ATENCO,16
15,12,ATIZAPAN,5
15,13,ATIZAPAN DE ZARAGOZA,9
15,14,ATLACOMULCO,69
15,15,ATLAUTLA,43
15,16,AXAPUSCO,45
15,17,AYAPANGO,31
15,18,CALIMAYA,29
15,19,CAPULHUAC,15
15,20,COACALCO DE BERRIOZABAL,4
15,21,COATEPEC HARINAS,61
15,22,COCOTITLAN,12
15,23,COYOTEPEC,9
15,24,CUAUTITLAN,17
15,25,CHALCO,79
15,26,CHAPA DE MOTA,38
15,27,CHAPULTEPEC,7
15,28,CHIAUTLA,10
15,29,CHICOLOAPAN,17
15,30,CHICONCUAC,2
15,31,CHIMALHUACAN,7
15,32,DONATO GUERRA,30
15,33,ECATEPEC DE MORELOS,9
15,34,ECATZINGO,12
15,35,HUEHUETOCA,24
15,36,HUEYPOXTLA,14
15,37,HUIXQUILUCAN,59
15,38,ISIDRO FABELA,18
15,39,IXTAPALUCA,70
15,40,IXTAPAN DE LA SAL,34
15,41,IXTAPAN DEL ORO,19
15,42,IXTLAHUACA,62
15,43,XALATLACO,18
15,44,JALTENCO,2
15,45,JILOTEPEC,78
15,46,JILOTZINGO,25
15,47,JIQUIPILCO,78
15,48,JOCOTITLAN,56
15,49,JOQUICINGO,10
15,50,JUCHITEPEC,29
15,51,LERMA,70
15,52,MALINALCO,43
15,53,MELCHOR OCAMPO,15
15,54,METEPEC,16
15,55,MEXICALTZINGO,5
15,56,MORELOS,47
15,57,NAUCALPAN DE JUAREZ,55
15,58,NEZAHUALCOYOTL,7
15,59,NEXTLALPAN,27
15,60,NICOLAS ROMERO,43
15,61,NOPALTEPEC,13
15,62,OCOYOACAC,32
15,63,OCUILAN,45
15,64,EL ORO,44
15,65,OTUMBA,56
15,66,OTZOLOAPAN,41
15,67,OTZOLOTEPEC,40
15,68,OZUMBA,18
15,69,PAPALOTLA,3
15,70,LA PAZ,3
15,71,POLOTITLAN,32
15,72,RAYON,9
15,73,SAN ANTONIO LA ISLA,5
15,74,SAN FELIPE DEL PROGRESO,86
15,75,SAN MARTIN DE LAS PIRAMIDES,19
15,76,SAN MATEO ATENCO,4
15,77,SAN SIMON DE GUERRERO,25
15,78,SANTO TOMAS,36
15,79,SOYANIQUILPAN DE JUAREZ,18
15,80,SULTEPEC,80
15,81,TECAMAC,58
15,82,TEJUPILCO,183
15,83,TEMAMATLA,26
15,84,TEMASCALAPA,29
15,85,TEMASCALCINGO,66
15,86,TEMASCALTEPEC,66
15,87,TEMOAYA,64
15,88,TENANCINGO,58
15,89,TENANGO DEL AIRE,27
15,90,TENANGO DEL VALLE,39
15,91,TEOLOYUCAN,19
15,92,TEOTIHUACAN,42
15,93,TEPETLAOXTOC,55
15,94,TEPETLIXPA,26
15,95,TEPOTZOTLAN,33
15,96,TEQUIXQUIAC,14
15,97,TEXCALTITLAN,34
15,98,TEXCALYACAC,3
15,99,TEXCOCO,75
15,100,TEZOYUCA,16
15,101,TIANGUISTENCO,38
15,102,TIMILPAN,26
15,103,TLALMANALCO,52
15,104,TLALNEPANTLA DE BAZ,4
15,105,TLATLAYA,193
15,106,TOLUCA,101
15,107,TONATICO,15
15,108,TULTEPEC,21
15,109,TULTITLAN,13
15,110,VALLE DE BRAVO,74
15,111,VILLA DE ALLENDE,71
15,112,VILLA DEL CARBON,59
15,113,VILLA GUERRERO,51
15,114,VILLA VICTORIA,111
15,115,XONACATLAN,26
15,116,ZACAZONAPAN,12
15,117,ZACUALPAN,71
15,118,ZINACANTEPEC,54
15,119,ZUMPAHUACAN,30
15,120,ZUMPANGO,93
15,121,CUAUTITLAN IZCALLI,11
15,122,VALLE DE CHALCO SOLIDARIDAD,8
15,123,LUVIANOS,220
15,124,SAN JOSE DEL RINCON,128
15,125,TONANITLA,6
16,1,ACUITZIO,44
16,2,AGUILILLA,313
16,3,ALVARO OBREGON,63
16,4,ANGAMACUTIRO,32
16,5,ANGANGUEO,19
16,6,APATZINGAN,315
16,7,APORO,11
16,8,AQUILA,558
16,9,ARIO,145
16,10,ARTEAGA,575
16,11,BRISEÑAS,11
16,12,BUENAVISTA,136
16,13,CARACUARO,273
16,14,COAHUAYANA,84
16,15,COALCOMAN DE VAZQUEZ PALLARES,670
16,16,COENEO,43
16,17,CONTEPEC,77
16,18,COPANDARO,18
16,19,COTIJA,93
16,20,CUITZEO,27
16,21,CHARAPAN,13
16,22,CHARO,83
16,23,CHAVINDA,22
16,24,CHERAN,17
16,25,CHILCHOTA,26
16,26,CHINICUILA,236
16,27,CHUCANDIRO,20
16,28,CHURINTZIO,19
16,29,CHURUMUCO,102
16,30,ECUANDUREO,27
16,31,EPITACIO HUERTA,81
16,32,ERONGARICUARO,21
16,33,GABRIEL ZAMORA,50
16,34,HIDALGO,369
16,35,LA HUACANA,179
16,36,HUANDACAREO,18
16,37,HUANIQUEO,29
16,38,HUETAMO,385
16,39,HUIRAMBA,21
16,40,INDAPARAPEO,50
16,41,IRIMBO,42
16,42,IXTLAN,42
16,43,JACONA,75
16,44,JIMENEZ,27
16,45,JIQUILPAN,57
16,46,JUAREZ,49
16,47,JUNGAPEO,93
16,48,LAGUNILLAS,15
16,49,MADERO,393
16,50,MARAVATIO,150
16,51,MARCOS CASTELLANOS,45
16,52,LAZARO CARDENAS,252
16,53,MORELIA,274
16,54,MORELOS,33
16,55,MUGICA,67
16,56,NAHUATZEN,16
16,57,NOCUPETARO,184
16,58,NUEVO PARANGARICUTIRO,70
16,59,NUEVO URECHO,45
16,60,NUMARAN,32
16,61,OCAMPO,42
16,62,PAJACUARAN,24
16,63,PANINDICUARO,39
16,64,PARACUARO,96
16,65,PARACHO,39
16,66,PATZCUARO,82
16,67,PENJAMILLO,69
16,68,PERIBAN,108
16,69,LA PIEDAD,150
16,70,PUREPERO,27
16,71,PURUANDIRO,72
16,72,QUERENDARO,40
16,73,QUIROGA,17
16,74,COJUMATLAN DE REGULES,17
16,75,LOS REYES,61
16,76,SAHUAYO,39
16,77,SAN LUCAS,96
16,78,SANTA ANA MAYA,21
16,79,SALVADOR ESCALANTE,93
16,80,SENGUIO,58
16,81,SUSUPUATO,97
16,82,TACAMBARO,204
16,83,TANCITARO,129
16,84,TANGAMANDAPIO,28
16,85,TANGANCICUARO,84
16,86,TANHUATO,21
16,87,TARETAN,26
16,88,TARIMBARO,116
16,89,TEPALCATEPEC,98
16,90,TINGAMBATO,11
16,91,TINGUINDIN,25
16,92,TIQUICHEO DE NICOLAS ROMERO,363
16,93,TLALPUJAHUA,62
16,94,TLAZAZALCA,26
16,95,TOCUMBO,91
16,96,TUMBISCATIO,383
16,97,TURICATO,375
16,98,TUXPAN,84
16,99,TUZANTLA,252
16,100,TZINTZUNTZAN,35
16,101,TZITZIO,380
16,102,URUAPAN,270
16,103,VENUSTIANO CARRANZA,28
16,104,VILLAMAR,55
16,105,VISTA HERMOSA,22
16,106,YURECUARO,30
16,107,ZACAPU,65
16,108,ZAMORA,154
16,109,ZINAPARO,22
16,110,ZINAPECUARO,106
16,111,ZIRACUARETIRO,33
16,112,ZITACUARO,165
16,113,JOSE SIXTO VERDUZCO,37
17,1,AMACUZAC,47
17,2,ATLATLAHUCAN,52
17,3,AXOCHIAPAN,68
17,4,AYALA,156
17,5,COATLAN DEL RIO,23
17,6,CUAUTLA,63
17,7,CUERNAVACA,70
17,8,EMILIANO ZAPATA,41
17,9,HUITZILAC,73
17,10,JANTETELCO,41
17,11,JIUTEPEC,30
17,12,JOJUTLA,92
17,13,JONACATEPEC,42
17,14,MAZATEPEC,26
17,15,MIACATLAN,53
17,16,OCUITUCO,50
17,17,PUENTE DE IXTLA,112
17,18,TEMIXCO,41
17,19,TEPALCINGO,48
17,20,TEPOZTLAN,73
17,21,TETECALA,21
17,22,TETELA DEL VOLCAN,46
17,23,TLALNEPANTLA,16
17,24,TLALTIZAPAN,87
17,25,TLAQUILTENANGO,63
17,26,TLAYACAPAN,43
17,27,TOTOLAPAN,31
17,28,XOCHITEPEC,81
17,29,YAUTEPEC,110
17,30,YECAPIXTLA,98
17,31,ZACATEPEC DE HIDALGO,23
17,32,ZACUALPAN DE AMILPAS,23
17,33,TEMOAC,18
18,1,ACAPONETA,199
18,2,AHUACATLAN,52
18,3,AMATLAN DE CAÑAS,68
18,4,COMPOSTELA,309
18,5,HUAJICORI,257
18,6,IXTLAN DEL RIO,85
18,7,JALA,73
18,8,XALISCO,48
18,9,DEL NAYAR,758
18,10,ROSAMORADA,92
18,11,RUIZ,100
18,12,SAN BLAS,130
18,13,SAN PEDRO LAGUNILLAS,38
18,14,SANTA MARIA DEL ORO,169
18,15,SANTIAGO IXCUINTLA,241
18,16,TECUALA,173
18,17,TEPIC,261
18,18,TUXPAN,44
18,19,LA YESCA,952
18,20,BAHIA DE BANDERAS,247
19,1,ABASOLO,20
19,2,AGUALEGUAS,215
19,3,LOS ALDAMAS,70
19,4,ALLENDE,78
19,5,ANAHUAC,796
19,6,APODACA,144
19,7,ARAMBERRI,240
19,8,BUSTAMANTE,120
19,9,CADEREYTA JIMENEZ,428
19,10,CARMEN,58
19,11,CERRALVO,198
19,12,CIENEGA DE FLORES,113
19,13,CHINA,777
19,14,DR. ARROYO,347
19,15,DR. COSS,163
19,16,DR. GONZALEZ,220
19,17,GALEANA,493
19,18,GARCIA,154
19,19,SAN PEDRO GARZA GARCIA,11
19,20,GRAL. BRAVO,315
19,21,GRAL. ESCOBEDO,46
19,22,GRAL. TERAN,522
19,23,GRAL. TREVIÑO,137
19,24,GRAL. ZARAGOZA,158
19,25,GRAL. ZUAZUA,131
19,26,GUADALUPE,23
19,27,LOS HERRERAS,164
19,28,HIGUERAS,86
19,29,HUALAHUISES,112
19,30,ITURBIDE,70
19,31,JUAREZ,156
19,32,LAMPAZOS DE NARANJO,188
19,33,LINARES,632
19,34,MARIN,109
19,35,MELCHOR OCAMPO,33
19,36,MIER Y NORIEGA,42
19,37,MINA,204
19,38,MONTEMORELOS,566
19,39,MONTERREY,12
19,40,PARAS,158
19,41,PESQUERIA,220
19,42,LOS RAMONES,200
19,43,RAYONES,106
19,44,SABINAS HIDALGO,225
19,45,SALINAS VICTORIA,371
19,46,SAN NICOLAS DE LOS GARZA,1
19,47,HIDALGO,47
19,48,SANTA CATARINA,98
19,49,SANTIAGO,213
19,50,VALLECILLO,239
19,51,VILLALDAMA,139
20,1,ABEJONES,40
20,2,ACATLAN DE PEREZ FIGUEROA,165
20,3,ASUNCION CACALOTEPEC,13
20,4,ASUNCION CUYOTEPEJI,6
20,5,ASUNCION IXTALTEPEC,52
20,6,ASUNCION NOCHIXTLAN,74
20,7,ASUNCION OCOTLAN,2
20,8,ASUNCION TLACOLULITA,2
20,9,AYOTZINTEPEC,7
20,10,EL BARRIO DE LA SOLEDAD,56
20,11,CALIHUALA,5
20,12,CANDELARIA LOXICHA,84
20,13,CIENEGA DE ZIMATLAN,6
20,14,CIUDAD IXTEPEC,36
20,15,COATECAS ALTAS,15
20,16,COICOYAN DE LAS FLORES,16
20,17,LA COMPAÑIA,12
20,18,CONCEPCION BUENAVISTA,21
20,19,CONCEPCION PAPALO,14
20,20,CONSTANCIA DEL ROSARIO,14
20,21,COSOLAPA,45
20,22,COSOLTEPEC,15
20,23,CUILAPAM DE GUERRERO,23
20,24,CUYAMECALCO VILLA DE ZARAGOZA,31
20,25,CHAHUITES,10
20,26,CHALCATONGO DE HIDALGO,28
20,27,CHIQUIHUITLAN DE BENITO JUAREZ,15
20,28,HEROICA CIUDAD DE EJUTLA DE CRESPO,39
20,29,ELOXOCHITLAN DE FLORES MAGON,26
20,30,EL ESPINAL,81
20,31,TAMAZULAPAM DEL ESPIRITU SANTO,30
20,32,FRESNILLO DE TRUJANO,6
20,33,GUADALUPE ETLA,2
20,34,GUADALUPE DE RAMIREZ,4
20,35,GUELATAO DE JUAREZ,4
20,36,GUEVEA DE HUMBOLDT,36
20,37,MESONES HIDALGO,28
20,38,VILLA HIDALGO,8
20,39,HEROICA CIUDAD DE HUAJUAPAN DE LEON,54
20,40,HUAUTEPEC,25
20,41,HUAUTLA DE JIMENEZ,113
20,42,IXTLAN DE JUAREZ,19
20,43,JUCHITAN DE ZARAGOZA,124
20,44,LOMA BONITA,239
20,45,MAGDALENA APASCO,8
20,46,MAGDALENA JALTEPEC,25
20,47,SANTA MAGDALENA JICOTLAN,2
20,48,MAGDALENA MIXTEPEC,3
20,49,MAGDALENA OCOTLAN,3
20,50,MAGDALENA PEÑASCO,22
20,51,MAGDALENA TEITIPAC,3
20,52,MAGDALENA TEQUISISTLAN,21
20,53,MAGDALENA TLACOTEPEC,6
20,54,MAGDALENA ZAHUATLAN,6
20,55,MARISCALA DE JUAREZ,12
20,56,MARTIRES DE TACUBAYA,4
20,57,MATIAS ROMERO AVENDAÑO,164
20,58,MAZATLAN VILLA DE FLORES,110
20,59,MIAHUATLAN DE PORFIRIO DIAZ,103
20,60,MIXISTLAN DE LA REFORMA,12
20,61,MONJAS,5
20,62,NATIVIDAD,1
20,63,NAZARENO ETLA,2
20,64,NEJAPA DE MADERO,32
20,65,IXPANTEPEC NIEVES,10
20,66,SANTIAGO NILTEPEC,62
20,67,OAXACA DE JUAREZ,38
20,68,OCOTLAN DE MORELOS,31
20,69,LA PE,2
20,70,PINOTEPA DE DON LUIS,22
20,71,PLUMA HIDALGO,132
20,72,SAN JOSE DEL PROGRESO,13
20,73,PUTLA VILLA DE GUERRERO,85
20,74,SANTA CATARINA QUIOQUITANI,1
20,75,REFORMA DE PINEDA,4
20,76,LA REFORMA,16
20,77,REYES ETLA,7
20,78,ROJAS DE CUAUHTEMOC,2
20,79,SALINA CRUZ,24
20,80,SAN AGUSTIN AMATENGO,3
20,81,SAN AGUSTIN ATENANGO,11
20,82,SAN AGUSTIN CHAYUCO,15
20,83,SAN AGUSTIN DE LAS JUNTAS,7
20,84,SAN AGUSTIN ETLA,6
20,85,SAN AGUSTIN LOXICHA,64
20,86,SAN AGUSTIN TLACOTEPEC,11
20,87,SAN AGUSTIN YATARENI,7
20,88,SAN ANDRES CABECERA NUEVA,47
20,89,SAN ANDRES DINICUITI,6
20,90,SAN ANDRES HUAXPALTEPEC,12
20,91,SAN ANDRES HUAYAPAM,14
20,92,SAN ANDRES IXTLAHUACA,8
20,93,SAN ANDRES LAGUNAS,5
20,94,SAN ANDRES NUXIÑO,31
20,95,SAN ANDRES PAXTLAN,18
20,96,SAN ANDRES SINAXTLA,6
20,97,SAN ANDRES SOLAGA,5
20,98,SAN ANDRES TEOTILALPAM,26
20,99,SAN ANDRES TEPETLAPA,2
20,100,SAN ANDRES YAA,3
20,101,SAN ANDRES ZABACHE,1
20,102,SAN ANDRES ZAUTLA,15
20,103,SAN ANTONINO CASTILLO VELASCO,5
20,104,SAN ANTONINO EL ALTO,16
20,105,SAN ANTONINO MONTE VERDE,15
20,106,SAN ANTONIO ACUTLA,6
20,107,SAN ANTONIO DE LA CAL,10
20,108,SAN ANTONIO HUITEPEC,62
20,109,SAN ANTONIO NANAHUATIPAM,2
20,110,SAN ANTONIO SINICAHUA,10
20,111,SAN ANTONIO TEPETLAPA,4
20,112,SAN BALTAZAR CHICHICAPAM,2
20,113,SAN BALTAZAR LOXICHA,20
20,114,SAN BALTAZAR YATZACHI EL BAJO,6
20,115,SAN BARTOLO COYOTEPEC,11
20,116,SAN BARTOLOME AYAUTLA,11
20,117,SAN BARTOLOME LOXICHA,16
20,118,SAN BARTOLOME QUIALANA,5
20,119,SAN BARTOLOME YUCUAÑE,5
20,120,SAN BARTOLOME ZOOGOCHO,1
20,121,SAN BARTOLO SOYALTEPEC,15
20,122,SAN BARTOLO YAUTEPEC,4
20,123,SAN BERNARDO MIXTEPEC,9
20,124,SAN BLAS ATEMPA,24
20,125,SAN CARLOS YAUTEPEC,77
20,126,SAN CRISTOBAL AMATLAN,8
20,127,SAN CRISTOBAL AMOLTEPEC,7
20,128,SAN CRISTOBAL LACHIRIOAG,2
20,129,SAN CRISTOBAL SUCHIXTLAHUACA,6
20,130,SAN DIONISIO DEL MAR,7
20,131,SAN DIONISIO OCOTEPEC,27
20,132,SAN DIONISIO OCOTLAN,4
20,133,SAN ESTEBAN ATATLAHUCA,36
20,134,SAN FELIPE JALAPA DE DIAZ,42
20,135,SAN FELIPE TEJALAPAM,31
20,136,SAN FELIPE USILA,31
20,137,SAN FRANCISCO CAHUACUA,30
20,138,SAN FRANCISCO CAJONOS,3
20,139,SAN FRANCISCO CHAPULAPA,15
20,140,SAN FRANCISCO CHINDUA,3
20,141,SAN FRANCISCO DEL MAR,73
20,142,SAN FRANCISCO HUEHUETLAN,5
20,143,SAN FRANCISCO IXHUATAN,26
20,144,SAN FRANCISCO JALTEPETONGO,11
20,145,SAN FRANCISCO LACHIGOLO,9
20,146,SAN FRANCISCO LOGUECHE,5
20,147,SAN FRANCISCO NUXAÑO,3
20,148,SAN FRANCISCO OZOLOTEPEC,3
20,149,SAN FRANCISCO SOLA,12
20,150,SAN FRANCISCO TELIXTLAHUACA,25
20,151,SAN FRANCISCO TEOPAN,8
20,152,SAN FRANCISCO TLAPANCINGO,7
20,153,SAN GABRIEL MIXTEPEC,38
20,154,SAN ILDEFONSO AMATLAN,6
20,155,SAN ILDEFONSO SOLA,13
20,156,SAN ILDEFONSO VILLA ALTA,10
20,157,SAN JACINTO AMILPAS,1
20,158,SAN JACINTO TLACOTEPEC,12
20,159,SAN JERONIMO COATLAN,44
20,160,SAN JERONIMO SILACAYOAPILLA,4
20,161,SAN JERONIMO SOSOLA,34
20,162,SAN JERONIMO TAVICHE,12
20,163,SAN JERONIMO TECOATL,7
20,164,SAN JORGE NUCHITA,6
20,165,SAN JOSE AYUQUILA,6
20,166,SAN JOSE CHILTEPEC,41
20,167,SAN JOSE DEL PEÑASCO,5
20,168,SAN JOSE ESTANCIA GRANDE,6
20,169,SAN JOSE INDEPENDENCIA,11
20,170,SAN JOSE LACHIGUIRI,9
20,171,SAN JOSE TENANGO,137
20,172,SAN JUAN ACHIUTLA,10
20,173,SAN JUAN ATEPEC,4
20,174,ANIMAS TRUJANO,4
20,175,SAN JUAN BAUTISTA ATATLAHUCA,9
20,176,SAN JUAN BAUTISTA COIXTLAHUACA,34
20,177,SAN JUAN BAUTISTA CUICATLAN,33
20,178,SAN JUAN BAUTISTA GUELACHE,9
20,179,SAN JUAN BAUTISTA JAYACATLAN,2
20,180,SAN JUAN BAUTISTA LO DE SOTO,6
20,181,SAN JUAN BAUTISTA SUCHITEPEC,8
20,182,SAN JUAN BAUTISTA TLACOATZINTEPEC,9
20,183,SAN JUAN BAUTISTA TLACHICHILCO,5
20,184,SAN JUAN BAUTISTA TUXTEPEC,239
20,185,SAN JUAN CACAHUATEPEC,22
20,186,SAN JUAN CIENEGUILLA,3
20,187,SAN JUAN COATZOSPAM,8
20,188,SAN JUAN COLORADO,10
20,189,SAN JUAN COMALTEPEC,7
20,190,SAN JUAN COTZOCON,155
20,191,SAN JUAN CHICOMEZUCHIL,6
20,192,SAN JUAN CHILATECA,2
20,193,SAN JUAN DEL ESTADO,5
20,194,SAN JUAN DEL RIO,2
20,195,SAN JUAN DIUXI,2
20,196,SAN JUAN EVANGELISTA ANALCO,2
20,197,SAN JUAN GUELAVIA,5
20,198,SAN JUAN GUICHICOVI,99
20,199,SAN JUAN IHUALTEPEC,7
20,200,SAN JUAN JUQUILA MIXES,13
20,201,SAN JUAN JUQUILA VIJANOS,8
20,202,SAN JUAN LACHAO,47
20,203,SAN JUAN LACHIGALLA,10
20,204,SAN JUAN LAJARCIA,5
20,205,SAN JUAN LALANA,59
20,206,SAN JUAN DE LOS CUES,8
20,207,SAN JUAN MAZATLAN,38
20,208,SAN JUAN MIXTEPEC,63
20,209,SAN JUAN MIXTEPEC,1
20,210,SAN JUAN ÑUMI,24
20,211,SAN JUAN OZOLOTEPEC,15
20,212,SAN JUAN PETLAPA,6
20,213,SAN JUAN QUIAHIJE,44
20,214,SAN JUAN QUIOTEPEC,12
20,215,SAN JUAN SAYULTEPEC,4
20,216,SAN JUAN TABAA,2
20,217,SAN JUAN TAMAZOLA,59
20,218,SAN JUAN TEITA,4
20,219,SAN JUAN TEITIPAC,3
20,220,SAN JUAN TEPEUXILA,13
20,221,SAN JUAN TEPOSCOLULA,17
20,222,SAN JUAN YAEE,3
20,223,SAN JUAN YATZONA,3
20,224,SAN JUAN YUCUITA,5
20,225,SAN LORENZO,8
20,226,SAN LORENZO ALBARRADAS,30
20,227,SAN LORENZO CACAOTEPEC,17
20,228,SAN LORENZO CUAUNECUILTITLA,1
20,229,SAN LORENZO TEXMELUCAN,28
20,230,SAN LORENZO VICTORIA,2
20,231,SAN LUCAS CAMOTLAN,4
20,232,SAN LUCAS OJITLAN,62
20,233,SAN LUCAS QUIAVINI,1
20,234,SAN LUCAS ZOQUIAPAM,31
20,235,SAN LUIS AMATLAN,29
20,236,SAN MARCIAL OZOLOTEPEC,27
20,237,SAN MARCOS ARTEAGA,10
20,238,SAN MARTIN DE LOS CANSECOS,3
20,239,SAN MARTIN HUAMELULPAM,13
20,240,SAN MARTIN ITUNYOSO,5
20,241,SAN MARTIN LACHILA,3
20,242,SAN MARTIN PERAS,44
20,243,SAN MARTIN TILCAJETE,2
20,244,SAN MARTIN TOXPALAN,12
20,245,SAN MARTIN ZACATEPEC,7
20,246,SAN MATEO CAJONOS,3
20,247,CAPULALPAM DE MENDEZ,4
20,248,SAN MATEO DEL MAR,14
20,249,SAN MATEO YOLOXOCHITLAN,3
20,250,SAN MATEO ETLATONGO,9
20,251,SAN MATEO NEJAPAM,5
20,252,SAN MATEO PEÑASCO,5
20,253,SAN MATEO PIÑAS,53
20,254,SAN MATEO RIO HONDO,41
20,255,SAN MATEO SINDIHUI,9
20,256,SAN MATEO TLAPILTEPEC,3
20,257,SAN MELCHOR BETAZA,3
20,258,SAN MIGUEL ACHIUTLA,5
20,259,SAN MIGUEL AHUEHUETITLAN,6
20,260,SAN MIGUEL ALOAPAM,6
20,261,SAN MIGUEL AMATITLAN,21
20,262,SAN MIGUEL AMATLAN,11
20,263,SAN MIGUEL COATLAN,40
20,264,SAN MIGUEL CHICAHUA,35
20,265,SAN MIGUEL CHIMALAPA,37
20,266,SAN MIGUEL DEL PUERTO,87
20,267,SAN MIGUEL DEL RIO,2
20,268,SAN MIGUEL EJUTLA,5
20,269,SAN MIGUEL EL GRANDE,16
20,270,SAN MIGUEL HUAUTLA,13
20,271,SAN MIGUEL MIXTEPEC,12
20,272,SAN MIGUEL PANIXTLAHUACA,33
20,273,SAN MIGUEL PERAS,10
20,274,SAN MIGUEL PIEDRAS,8
20,275,SAN MIGUEL QUETZALTEPEC,21
20,276,SAN MIGUEL SANTA FLOR,9
20,277,VILLA SOLA DE VEGA,157
20,278,SAN MIGUEL SOYALTEPEC,61
20,279,SAN MIGUEL SUCHIXTEPEC,23
20,280,VILLA TALEA DE CASTRO,5
20,281,SAN MIGUEL TECOMATLAN,4
20,282,SAN MIGUEL TENANGO,22
20,283,SAN MIGUEL TEQUIXTEPEC,8
20,284,SAN MIGUEL TILQUIAPAM,3
20,285,SAN MIGUEL TLACAMAMA,33
20,286,SAN MIGUEL TLACOTEPEC,13
20,287,SAN MIGUEL TULANCINGO,13
20,288,SAN MIGUEL YOTAO,3
20,289,SAN NICOLAS,3
20,290,SAN NICOLAS HIDALGO,4
20,291,SAN PABLO COATLAN,10
20,292,SAN PABLO CUATRO VENADOS,19
20,293,SAN PABLO ETLA,10
20,294,SAN PABLO HUITZO,11
20,295,SAN PABLO HUIXTEPEC,15
20,296,SAN PABLO MACUILTIANGUIS,8
20,297,SAN PABLO TIJALTEPEC,13
20,298,SAN PABLO VILLA DE MITLA,11
20,299,SAN PABLO YAGANIZA,2
20,300,SAN PEDRO AMUZGOS,10
20,301,SAN PEDRO APOSTOL,3
20,302,SAN PEDRO ATOYAC,12
20,303,SAN PEDRO CAJONOS,3
20,304,SAN PEDRO COXCALTEPEC CANTAROS,10
20,305,SAN PEDRO COMITANCILLO,7
20,306,SAN PEDRO EL ALTO,28
20,307,SAN PEDRO HUAMELULA,24
20,308,SAN PEDRO HUILOTEPEC,3
20,309,SAN PEDRO IXCATLAN,23
20,310,SAN PEDRO IXTLAHUACA,15
20,311,SAN PEDRO JALTEPETONGO,1
20,312,SAN PEDRO JICAYAN,26
20,313,SAN PEDRO JOCOTIPAC,4
20,314,SAN PEDRO JUCHATENGO,18
20,315,SAN PEDRO MARTIR,4
20,316,SAN PEDRO MARTIR QUIECHAPA,1
20,317,SAN PEDRO MARTIR YUCUXACO,11
20,318,SAN PEDRO MIXTEPEC,64
20,319,SAN PEDRO MIXTEPEC,6
20,320,SAN PEDRO MOLINOS,8
20,321,SAN PEDRO NOPALA,16
20,322,SAN PEDRO OCOPETATILLO,1
20,323,SAN PEDRO OCOTEPEC,6
20,324,SAN PEDRO POCHUTLA,159
20,325,SAN PEDRO QUIATONI,53
20,326,SAN PEDRO SOCHIAPAM,10
20,327,SAN PEDRO TAPANATEPEC,157
20,328,SAN PEDRO TAVICHE,12
20,329,SAN PEDRO TEOZACOALCO,12
20,330,SAN PEDRO TEUTILA,18
20,331,SAN PEDRO TIDAA,3
20,332,SAN PEDRO TOPILTEPEC,4
20,333,SAN PEDRO TOTOLAPA,21
20,334,VILLA DE TUTUTEPEC DE MELCHOR OCAMPO,201
20,335,SAN PEDRO YANERI,2
20,336,SAN PEDRO YOLOX,14
20,337,SAN PEDRO Y SAN PABLO AYUTLA,31
20,338,VILLA DE ETLA,5
20,339,SAN PEDRO Y SAN PABLO TEPOSCOLULA,25
20,340,SAN PEDRO Y SAN PABLO TEQUIXTEPEC,23
20,341,SAN PEDRO YUCUNAMA,3
20,342,SAN RAYMUNDO JALPAN,6
20,343,SAN SEBASTIAN ABASOLO,2
20,344,SAN SEBASTIAN COATLAN,18
20,345,SAN SEBASTIAN IXCAPA,11
20,346,SAN SEBASTIAN NICANANDUTA,3
20,347,SAN SEBASTIAN RIO HONDO,16
20,348,SAN SEBASTIAN TECOMAXTLAHUACA,56
20,349,SAN SEBASTIAN TEITIPAC,5
20,350,SAN SEBASTIAN TUTLA,3
20,351,SAN SIMON ALMOLONGAS,8
20,352,SAN SIMON ZAHUATLAN,11
20,353,SANTA ANA,5
20,354,SANTA ANA ATEIXTLAHUACA,7
20,355,SANTA ANA CUAUHTEMOC,11
20,356,SANTA ANA DEL VALLE,1
20,357,SANTA ANA TAVELA,2
20,358,SANTA ANA TLAPACOYAN,5
20,359,SANTA ANA YARENI,3
20,360,SANTA ANA ZEGACHE,3
20,361,SANTA CATALINA QUIERI,1
20,362,SANTA CATARINA CUIXTLA,7
20,363,SANTA CATARINA IXTEPEJI,21
20,364,SANTA CATARINA JUQUILA,79
20,365,SANTA CATARINA LACHATAO,22
20,366,SANTA CATARINA LOXICHA,33
20,367,SANTA CATARINA MECHOACAN,4
20,368,SANTA CATARINA MINAS,5
20,369,SANTA CATARINA QUIANE,4
20,370,SANTA CATARINA TAYATA,10
20,371,SANTA CATARINA TICUA,6
20,372,SANTA CATARINA YOSONOTU,16
20,373,SANTA CATARINA ZAPOQUILA,6
20,374,SANTA CRUZ ACATEPEC,4
20,375,SANTA CRUZ AMILPAS,1
20,376,SANTA CRUZ DE BRAVO,1
20,377,SANTA CRUZ ITUNDUJIA,122
20,378,SANTA CRUZ MIXTEPEC,14
20,379,SANTA CRUZ NUNDACO,21
20,380,SANTA CRUZ PAPALUTLA,3
20,381,SANTA CRUZ TACACHE DE MINA,4
20,382,SANTA CRUZ TACAHUA,11
20,383,SANTA CRUZ TAYATA,6
20,384,SANTA CRUZ XITLA,7
20,385,SANTA CRUZ XOXOCOTLAN,34
20,386,SANTA CRUZ ZENZONTEPEC,70
20,387,SANTA GERTRUDIS,7
20,388,SANTA INES DEL MONTE,15
20,389,SANTA INES YATZECHE,2
20,390,SANTA LUCIA DEL CAMINO,3
20,391,SANTA LUCIA MIAHUATLAN,12
20,392,SANTA LUCIA MONTEVERDE,29
20,393,SANTA LUCIA OCOTLAN,4
20,394,SANTA MARIA ALOTEPEC,9
20,395,SANTA MARIA APAZCO,14
20,396,SANTA MARIA LA ASUNCION,4
20,397,HEROICA CIUDAD DE TLAXIACO,112
20,398,AYOQUEZCO DE ALDAMA,11
20,399,SANTA MARIA ATZOMPA,21
20,400,SANTA MARIA CAMOTLAN,8
20,401,SANTA MARIA COLOTEPEC,71
20,402,SANTA MARIA CORTIJO,12
20,403,SANTA MARIA COYOTEPEC,16
20,404,SANTA MARIA CHACHOAPAM,16
20,405,VILLA DE CHILAPA DE DIAZ,9
20,406,SANTA MARIA CHILCHOTLA,115
20,407,SANTA MARIA CHIMALAPA,60
20,408,SANTA MARIA DEL ROSARIO,11
20,409,SANTA MARIA DEL TULE,4
20,410,SANTA MARIA ECATEPEC,22
20,411,SANTA MARIA GUELACE,3
20,412,SANTA MARIA GUIENAGATI,41
20,413,SANTA MARIA HUATULCO,86
20,414,SANTA MARIA HUAZOLOTITLAN,18
20,415,SANTA MARIA IPALAPA,12
20,416,SANTA MARIA IXCATLAN,2
20,417,SANTA MARIA JACATEPEC,35
20,418,SANTA MARIA JALAPA DEL MARQUES,28
20,419,SANTA MARIA JALTIANGUIS,2
20,420,SANTA MARIA LACHIXIO,7
20,421,SANTA MARIA MIXTEQUILLA,15
20,422,SANTA MARIA NATIVITAS,10
20,423,SANTA MARIA NDUAYACO,20
20,424,SANTA MARIA OZOLOTEPEC,40
20,425,SANTA MARIA PAPALO,3
20,426,SANTA MARIA PEÑOLES,34
20,427,SANTA MARIA PETAPA,19
20,428,SANTA MARIA QUIEGOLANI,5
20,429,SANTA MARIA SOLA,8
20,430,SANTA MARIA TATALTEPEC,2
20,431,SANTA MARIA TECOMAVACA,5
20,432,SANTA MARIA TEMAXCALAPA,2
20,433,SANTA MARIA TEMAXCALTEPEC,10
20,434,SANTA MARIA TEOPOXCO,31
20,435,SANTA MARIA TEPANTLALI,16
20,436,SANTA MARIA TEXCATITLAN,4
20,437,SANTA MARIA TLAHUITOLTEPEC,35
20,438,SANTA MARIA TLALIXTAC,14
20,439,SANTA MARIA TONAMECA,103
20,440,SANTA MARIA TOTOLAPILLA,1
20,441,SANTA MARIA XADANI,23
20,442,SANTA MARIA YALINA,1
20,443,SANTA MARIA YAVESIA,4
20,444,SANTA MARIA YOLOTEPEC,6
20,445,SANTA MARIA YOSOYUA,6
20,446,SANTA MARIA YUCUHITI,46
20,447,SANTA MARIA ZACATEPEC,41
20,448,SANTA MARIA ZANIZA,7
20,449,SANTA MARIA ZOQUITLAN,29
20,450,SANTIAGO AMOLTEPEC,49
20,451,SANTIAGO APOALA,8
20,452,SANTIAGO APOSTOL,5
20,453,SANTIAGO ASTATA,8
20,454,SANTIAGO ATITLAN,19
20,455,SANTIAGO AYUQUILILLA,10
20,456,SANTIAGO CACALOXTEPEC,3
20,457,SANTIAGO CAMOTLAN,11
20,458,SANTIAGO COMALTEPEC,23
20,459,SANTIAGO CHAZUMBA,37
20,460,SANTIAGO CHOAPAM,16
20,461,SANTIAGO DEL RIO,6
20,462,SANTIAGO HUAJOLOTITLAN,18
20,463,SANTIAGO HUAUCLILLA,18
20,464,SANTIAGO IHUITLAN PLUMAS,4
20,465,SANTIAGO IXCUINTEPEC,11
20,466,SANTIAGO IXTAYUTLA,32
20,467,SANTIAGO JAMILTEPEC,52
20,468,SANTIAGO JOCOTEPEC,37
20,469,SANTIAGO JUXTLAHUACA,86
20,470,SANTIAGO LACHIGUIRI,68
20,471,SANTIAGO LALOPA,2
20,472,SANTIAGO LAOLLAGA,12
20,473,SANTIAGO LAXOPA,6
20,474,SANTIAGO LLANO GRANDE,11
20,475,SANTIAGO MATATLAN,23
20,476,SANTIAGO MILTEPEC,4
20,477,SANTIAGO MINAS,15
20,478,SANTIAGO NACALTEPEC,16
20,479,SANTIAGO NEJAPILLA,5
20,480,SANTIAGO NUNDICHE,16
20,481,SANTIAGO NUYOO,16
20,482,SANTIAGO PINOTEPA NACIONAL,150
20,483,SANTIAGO SUCHILQUITONGO,10
20,484,SANTIAGO TAMAZOLA,5
20,485,SANTIAGO TAPEXTLA,9
20,486,VILLA TEJUPAM DE LA UNION,15
20,487,SANTIAGO TENANGO,17
20,488,SANTIAGO TEPETLAPA,5
20,489,SANTIAGO TETEPEC,19
20,490,SANTIAGO TEXCALCINGO,9
20,491,SANTIAGO TEXTITLAN,28
20,492,SANTIAGO TILANTONGO,24
20,493,SANTIAGO TILLO,12
20,494,SANTIAGO TLAZOYALTEPEC,60
20,495,SANTIAGO XANICA,50
20,496,SANTIAGO XIACUI,5
20,497,SANTIAGO YAITEPEC,7
20,498,SANTIAGO YAVEO,221
20,499,SANTIAGO YOLOMECATL,14
20,500,SANTIAGO YOSONDUA,44
20,501,SANTIAGO YUCUYACHI,2
20,502,SANTIAGO ZACATEPEC,24
20,503,SANTIAGO ZOOCHILA,1
20,504,NUEVO ZOQUIAPAM,4
20,505,SANTO DOMINGO INGENIO,12
20,506,SANTO DOMINGO ALBARRADAS,4
20,507,SANTO DOMINGO ARMENTA,8
20,508,SANTO DOMINGO CHIHUITAN,12
20,509,SANTO DOMINGO DE MORELOS,21
20,510,SANTO DOMINGO IXCATLAN,8
20,511,SANTO DOMINGO NUXAA,62
20,512,SANTO DOMINGO OZOLOTEPEC,7
20,513,SANTO DOMINGO PETAPA,30
20,514,SANTO DOMINGO ROAYAGA,3
20,515,SANTO DOMINGO TEHUANTEPEC,82
20,516,SANTO DOMINGO TEOJOMULCO,33
20,517,SANTO DOMINGO TEPUXTEPEC,23
20,518,SANTO DOMINGO TLATAYAPAM,3
20,519,SANTO DOMINGO TOMALTEPEC,9
20,520,SANTO DOMINGO TONALA,21
20,521,SANTO DOMINGO TONALTEPEC,8
20,522,SANTO DOMINGO XAGACIA,6
20,523,SANTO DOMINGO YANHUITLAN,20
20,524,SANTO DOMINGO YODOHINO,2
20,525,SANTO DOMINGO ZANATEPEC,75
20,526,SANTOS REYES NOPALA,55
20,527,SANTOS REYES PAPALO,6
20,528,SANTOS REYES TEPEJILLO,7
20,529,SANTOS REYES YUCUNA,5
20,530,SANTO TOMAS JALIEZA,8
20,531,SANTO TOMAS MAZALTEPEC,1
20,532,SANTO TOMAS OCOTEPEC,15
20,533,SANTO TOMAS TAMAZULAPAN,8
20,534,SAN VICENTE COATLAN,10
20,535,SAN VICENTE LACHIXIO,8
20,536,SAN VICENTE NUÑU,6
20,537,SILACAYOAPAM,31
20,538,SITIO DE XITLAPEHUA,5
20,539,SOLEDAD ETLA,8
20,540,VILLA DE TAMAZULAPAM DEL PROGRESO,23
20,541,TANETZE DE ZARAGOZA,3
20,542,TANICHE,1
20,543,TATALTEPEC DE VALDES,11
20,544,TEOCOCUILCO DE MARCOS PEREZ,9
20,545,TEOTITLAN DE FLORES MAGON,14
20,546,TEOTITLAN DEL VALLE,9
20,547,TEOTONGO,11
20,548,TEPELMEME VILLA DE MORELOS,23
20,549,TEZOATLAN DE SEGURA Y LUNA,37
20,550,SAN JERONIMO TLACOCHAHUAYA,8
20,551,TLACOLULA DE MATAMOROS,19
20,552,TLACOTEPEC PLUMAS,5
20,553,TLALIXTAC DE CABRERA,23
20,554,TOTONTEPEC VILLA DE MORELOS,18
20,555,TRINIDAD ZAACHILA,5
20,556,LA TRINIDAD VISTA HERMOSA,5
20,557,UNION HIDALGO,14
20,558,VALERIO TRUJANO,3
20,559,SAN JUAN BAUTISTA VALLE NACIONAL,77
20,560,VILLA DIAZ ORDAZ,7
20,561,YAXE,2
20,562,MAGDALENA YODOCONO DE PORFIRIO DIAZ,3
20,563,YOGANA,6
20,564,YUTANDUCHI DE GUERRERO,4
20,565,VILLA DE ZAACHILA,17
20,566,ZAPOTITLAN DEL RIO,16
20,567,ZAPOTITLAN LAGUNAS,15
20,568,ZAPOTITLAN PALMAS,4
20,569,SANTA INES DE ZARAGOZA,35
20,570,ZIMATLAN DE ALVAREZ,72
21,1,ACAJETE,63
21,2,ACATENO,84
21,3,ACATLAN,101
21,4,ACATZINGO,73
21,5,ACTEOPAN,4
21,6,AHUACATLAN,30
21,7,AHUATLAN,12
21,8,AHUAZOTEPEC,21
21,9,AHUEHUETITLA,15
21,10,AJALPAN,80
21,11,ALBINO ZERTUCHE,5
21,12,ALJOJUCA,5
21,13,ALTEPEXI,14
21,14,AMIXTLAN,9
21,15,AMOZOC,48
21,16,AQUIXTLA,23
21,17,ATEMPAN,18
21,18,ATEXCAL,25
21,19,ATLIXCO,151
21,20,ATOYATEMPAN,20
21,21,ATZALA,7
21,22,ATZITZIHUACAN,20
21,23,ATZITZINTLA,23
21,24,AXUTLA,15
21,25,AYOTOXCO DE GUERRERO,43
21,26,CALPAN,18
21,27,CALTEPEC,54
21,28,CAMOCUAUTLA,9
21,29,CAXHUACAN,4
21,30,COATEPEC,3
21,31,COATZINGO,11
21,32,COHETZALA,7
21,33,COHUECAN,8
21,34,CORONANGO,15
21,35,COXCATLAN,50
21,36,COYOMEAPAN,41
21,37,COYOTEPEC,4
21,38,CUAPIAXTLA DE MADERO,19
21,39,CUAUTEMPAN,17
21,40,CUAUTINCHAN,40
21,41,CUAUTLANCINGO,14
21,42,CUAYUCA DE ANDRADE,30
21,43,CUETZALAN DEL PROGRESO,177
21,44,CUYOACO,49
21,45,CHALCHICOMULA DE SESMA,65
21,46,CHAPULCO,7
21,47,CHIAUTLA,160
21,48,CHIAUTZINGO,18
21,49,CHICONCUAUTLA,24
21,50,CHICHIQUILA,48
21,51,CHIETLA,59
21,52,CHIGMECATITLAN,2
21,53,CHIGNAHUAPAN,177
21,54,CHIGNAUTLA,28
21,55,CHILA,17
21,56,CHILA DE LA SAL,21
21,57,HONEY,12
21,58,CHILCHOTLA,40
21,59,CHINANTLA,13
21,60,DOMINGO ARENAS,11
21,61,ELOXOCHITLAN,44
21,62,EPATLAN,17
21,63,ESPERANZA,23
21,64,FRANCISCO Z. MENA,137
21,65,GENERAL FELIPE ANGELES,20
21,66,GUADALUPE,28
21,67,GUADALUPE VICTORIA,61
21,68,HERMENEGILDO GALEANA,26
21,69,HUAQUECHULA,56
21,70,HUATLATLAUCA,26
21,71,HUAUCHINANGO,62
21,72,HUEHUETLA,14
21,73,HUEHUETLAN EL CHICO,32
21,74,HUEJOTZINGO,64
21,75,HUEYAPAN,24
21,76,HUEYTAMALCO,172
21,77,HUEYTLALPAN,30
21,78,HUITZILAN DE SERDAN,27
21,79,HUITZILTEPEC,7
21,80,ATLEQUIZAYAN,3
21,81,IXCAMILPA DE GUERRERO,34
21,82,IXCAQUIXTLA,31
21,83,IXTACAMAXTITLAN,128
21,84,IXTEPEC,11
21,85,IZUCAR DE MATAMOROS,86
21,86,JALPAN,90
21,87,JOLALPAN,64
21,88,JONOTLA,21
21,89,JOPALA,31
21,90,JUAN C. BONILLA,6
21,91,JUAN GALINDO,12
21,92,JUAN N. MENDEZ,16
21,93,LAFRAGUA,23
21,94,LIBRES,77
21,95,LA MAGDALENA TLATLAUQUITEPEC,2
21,96,MAZAPILTEPEC DE JUAREZ,30
21,97,MIXTLA,3
21,98,MOLCAXAC,18
21,99,CAÑADA MORELOS,34
21,100,NAUPAN,15
21,101,NAUZONTLA,10
21,102,NEALTICAN,6
21,103,NICOLAS BRAVO,27
21,104,NOPALUCAN,55
21,105,OCOTEPEC,18
21,106,OCOYUCAN,32
21,107,OLINTLA,33
21,108,ORIENTAL,63
21,109,PAHUATLAN,34
21,110,PALMAR DE BRAVO,86
21,111,PANTEPEC,83
21,112,PETLALCINGO,28
21,113,PIAXTLA,29
21,114,PUEBLA,137
21,115,QUECHOLAC,63
21,116,QUIMIXTLAN,64
21,117,RAFAEL LARA GRAJALES,2
21,118,LOS REYES DE JUAREZ,16
21,119,SAN ANDRES CHOLULA,23
21,120,SAN ANTONIO CAÑADA,10
21,121,SAN DIEGO LA MESA TOCHIMILTZINGO,5
21,122,SAN FELIPE TEOTLALCINGO,12
21,123,SAN FELIPE TEPATLAN,14
21,124,SAN GABRIEL CHILAC,8
21,125,SAN GREGORIO ATZOMPA,4
21,126,SAN JERONIMO TECUANIPAN,9
21,127,SAN JERONIMO XAYACATLAN,19
21,128,SAN JOSE CHIAPA,45
21,129,SAN JOSE MIAHUATLAN,9
21,130,SAN JUAN ATENCO,10
21,131,SAN JUAN ATZOMPA,3
21,132,SAN MARTIN TEXMELUCAN,45
21,133,SAN MARTIN TOTOLTEPEC,3
21,134,SAN MATIAS TLALANCALECA,39
21,135,SAN MIGUEL IXITLAN,6
21,136,SAN MIGUEL XOXTLA,4
21,137,SAN NICOLAS BUENOS AIRES,35
21,138,SAN NICOLAS DE LOS RANCHOS,13
21,139,SAN PABLO ANICANO,19
21,140,SAN PEDRO CHOLULA,17
21,141,SAN PEDRO YELOIXTLAHUACA,17
21,142,SAN SALVADOR EL SECO,93
21,143,SAN SALVADOR EL VERDE,30
21,144,SAN SALVADOR HUIXCOLOTLA,32
21,145,SAN SEBASTIAN TLACOTEPEC,61
21,146,SANTA CATARINA TLALTEMPAN,1
21,147,SANTA INES AHUATEMPAN,61
21,148,SANTA ISABEL CHOLULA,9
21,149,SANTIAGO MIAHUATLAN,16
21,150,HUEHUETLAN EL GRANDE,17
21,151,SANTO TOMAS HUEYOTLIPAN,8
21,152,SOLTEPEC,19
21,153,TECALI DE HERRERA,38
21,154,TECAMACHALCO,87
21,155,TECOMATLAN,26
21,156,TEHUACAN,99
21,157,TEHUITZINGO,58
21,158,TENAMPULCO,41
21,159,TEOPANTLAN,22
21,160,TEOTLALCO,19
21,161,TEPANCO DE LOPEZ,56
21,162,TEPANGO DE RODRIGUEZ,5
21,163,TEPATLAXCO DE HIDALGO,21
21,164,TEPEACA,63
21,165,TEPEMAXALCO,4
21,166,TEPEOJUMA,19
21,167,TEPETZINTLA,17
21,168,TEPEXCO,13
21,169,TEPEXI DE RODRIGUEZ,46
21,170,TEPEYAHUALCO,37
21,171,TEPEYAHUALCO DE CUAUHTEMOC,8
21,172,TETELA DE OCAMPO,83
21,173,TETELES DE AVILA CASTILLO,6
21,174,TEZIUTLAN,34
21,175,TIANGUISMANALCO,14
21,176,TILAPA,13
21,177,TLACOTEPEC DE BENITO JUAREZ,53
21,178,TLACUILOTEPEC,62
21,179,TLACHICHUCA,55
21,180,TLAHUAPAN,79
21,181,TLALTENANGO,7
21,182,TLANEPANTLA,14
21,183,TLAOLA,45
21,184,TLAPACOYA,18
21,185,TLAPANALA,25
21,186,TLATLAUQUITEPEC,91
21,187,TLAXCO,24
21,188,TOCHIMILCO,20
21,189,TOCHTEPEC,64
21,190,TOTOLTEPEC DE GUERRERO,5
21,191,TULCINGO,35
21,192,TUZAMAPAN DE GALEANA,17
21,193,TZICATLACOYAN,15
21,194,VENUSTIANO CARRANZA,156
21,195,VICENTE GUERRERO,53
21,196,XAYACATLAN DE BRAVO,9
21,197,XICOTEPEC,108
21,198,XICOTLAN,22
21,199,XIUTETELCO,41
21,200,XOCHIAPULCO,26
21,201,XOCHILTEPEC,7
21,202,XOCHITLAN DE VICENTE SUAREZ,19
21,203,XOCHITLAN TODOS SANTOS,14
21,204,YAONAHUAC,17
21,205,YEHUALTEPEC,28
21,206,ZACAPALA,39
21,207,ZACAPOAXTLA,48
21,208,ZACATLAN,103
21,209,ZAPOTITLAN,70
21,210,ZAPOTITLAN DE MENDEZ,4
21,211,ZARAGOZA,10
21,212,ZAUTLA,48
21,213,ZIHUATEUTLA,114
21,214,ZINACATEPEC,4
21,215,ZONGOZOTLA,5
21,216,ZOQUIAPAN,22
21,217,ZOQUITLAN,54
22,1,AMEALCO DE BONFIL,156
22,2,PINAL DE AMOLES,210
22,3,ARROYO SECO,103
22,4,CADEREYTA DE MONTES,273
22,5,COLON,190
22,6,CORREGIDORA,202
22,7,EZEQUIEL MONTES,201
22,8,HUIMILPAN,121
22,9,JALPAN DE SERRA,184
22,10,LANDA DE MATAMOROS,117
22,11,EL MARQUES,345
22,12,PEDRO ESCOBEDO,146
22,13,PEÑAMILLER,151
22,14,QUERETARO,349
22,15,SAN JOAQUIN,74
22,16,SAN JUAN DEL RIO,302
22,17,TEQUISQUIAPAN,179
22,18,TOLIMAN,129
23,1,COZUMEL,479
23,2,FELIPE CARRILLO PUERTO,353
23,3,ISLA MUJERES,200
23,4,OTHON P. BLANCO,1404
23,5,BENITO JUAREZ,709
23,6,JOSE MARIA MORELOS,68
23,7,LAZARO CARDENAS,159
23,9,SOLIDARIDAD,529
24,1,AHUALULCO,103
24,2,ALAQUINES,55
24,3,AQUISMON,212
24,4,ARMADILLO DE LOS INFANTE,82
24,5,CARDENAS,76
24,6,CATORCE,151
24,7,CEDRAL,127
24,8,CERRITOS,68
24,9,CERRO DE SAN PEDRO,20
24,10,CIUDAD DEL MAIZ,148
24,11,CIUDAD FERNANDEZ,118
24,12,TANCANHUITZ,243
24,13,CIUDAD VALLES,751
24,14,COXCATLAN,70
24,15,CHARCAS,226
24,16,EBANO,220
24,17,GUADALCAZAR,145
24,18,HUEHUETLAN,52
24,19,LAGUNILLAS,77
24,20,MATEHUALA,223
24,21,MEXQUITIC DE CARMONA,126
24,22,MOCTEZUMA,164
24,23,RAYON,78
24,24,RIOVERDE,395
24,25,SALINAS,113
24,26,SAN ANTONIO,69
24,27,SAN CIRO DE ACOSTA,91
24,28,SAN LUIS POTOSI,295
24,29,SAN MARTIN CHALCHICUAUTLA,252
24,30,SAN NICOLAS TOLENTINO,55
24,31,SANTA CATARINA,100
24,32,SANTA MARIA DEL RIO,378
24,33,SANTO DOMINGO,102
24,34,SAN VICENTE TANCUAYALAB,192
24,35,SOLEDAD DE GRACIANO SANCHEZ,187
24,36,TAMASOPO,213
24,37,TAMAZUNCHALE,292
24,38,TAMPACAN,101
24,39,TAMPAMOLON CORONA,168
24,40,TAMUIN,572
24,41,TANLAJAS,141
24,42,TANQUIAN DE ESCOBEDO,109
24,43,TIERRA NUEVA,137
24,44,VANEGAS,81
24,45,VENADO,144
24,46,VILLA DE ARRIAGA,145
24,47,VILLA DE GUADALUPE,102
24,48,VILLA DE LA PAZ,16
24,49,VILLA DE RAMOS,209
24,50,VILLA DE REYES,207
24,51,VILLA HIDALGO,77
24,52,VILLA JUAREZ,49
24,53,AXTLA DE TERRAZAS,118
24,54,XILITLA,244
24,55,ZARAGOZA,174
24,56,VILLA DE ARISTA,132
24,57,MATLAPA,81
24,58,EL NARANJO,137
25,1,AHOME,519
25,2,ANGOSTURA,206
25,3,BADIRAGUATO,583
25,4,CONCORDIA,345
25,5,COSALA,155
25,6,CULIACAN,1483
25,7,CHOIX,449
25,8,ELOTA,189
25,9,ESCUINAPA,275
25,10,EL FUERTE,513
25,11,GUASAVE,723
25,12,MAZATLAN,740
25,13,MOCORITO,431
25,14,ROSARIO,414
25,15,SALVADOR ALVARADO,173
25,16,SAN IGNACIO,408
25,17,SINALOA,785
25,18,NAVOLATO,469
26,1,ACONCHI,19
26,2,AGUA PRIETA,329
26,3,ALAMOS,507
26,4,ALTAR,309
26,5,ARIVECHI,101
26,6,ARIZPE,204
26,7,ATIL,28
26,8,BACADEHUACHI,99
26,9,BACANORA,127
26,10,BACERAC,85
26,11,BACOACHI,93
26,12,BACUM,331
26,13,BANAMICHI,57
26,14,BAVIACORA,45
26,15,BAVISPE,85
26,16,BENJAMIN HILL,82
26,17,CABORCA,631
26,18,CAJEME,1575
26,19,CANANEA,155
26,20,CARBO,150
26,21,LA COLORADA,201
26,22,CUCURPE,177
26,23,CUMPAS,179
26,24,DIVISADEROS,29
26,25,EMPALME,134
26,26,ETCHOJOA,303
26,27,FRONTERAS,138
26,28,GRANADOS,28
26,29,GUAYMAS,641
26,30,HERMOSILLO,1715
26,31,HUACHINERA,92
26,32,HUASABAS,70
26,33,HUATABAMPO,271
26,34,HUEPAC,33
26,35,IMURIS,218
26,36,MAGDALENA,282
26,37,MAZATAN,126
26,38,MOCTEZUMA,162
26,39,NACO,67
26,40,NACORI CHICO,212
26,41,NACOZARI DE GARCIA,160
26,42,NAVOJOA,494
26,43,NOGALES,205
26,44,ONAVAS,46
26,45,OPODEPE,198
26,46,OQUITOA,42
26,47,PITIQUITO,328
26,48,PUERTO PEÑASCO,93
26,49,QUIRIEGO,254
26,50,RAYON,73
26,51,ROSARIO,290
26,52,SAHUARIPA,528
26,53,SAN FELIPE DE JESUS,9
26,54,SAN JAVIER,31
26,55,SAN LUIS RIO COLORADO,548
26,56,SAN MIGUEL DE HORCASITAS,132
26,57,SAN PEDRO DE LA CUEVA,145
26,58,SANTA ANA,223
26,59,SANTA CRUZ,106
26,60,SARIC,121
26,61,SOYOPA,137
26,62,SUAQUI GRANDE,52
26,63,TEPACHE,72
26,64,TRINCHERAS,173
26,65,TUBUTAMA,151
26,66,URES,213
26,67,VILLA HIDALGO,79
26,68,VILLA PESQUEIRA,222
26,69,YECORA,474
26,70,GENERAL PLUTARCO ELIAS CALLES,174
26,71,BENITO JUAREZ,170
26,72,SAN IGNACIO RIO MUERTO,264
27,1,BALANCAN,469
27,2,CARDENAS,172
27,3,CENTLA,227
27,4,CENTRO,207
27,5,COMALCALCO,117
27,6,CUNDUACAN,116
27,7,EMILIANO ZAPATA,90
27,8,HUIMANGUILLO,366
27,9,JALAPA,64
27,10,JALPA DE MENDEZ,65
27,11,JONUTA,180
27,12,MACUSPANA,223
27,13,NACAJUCA,71
27,14,PARAISO,48
27,15,TACOTALPA,88
27,16,TEAPA,57
27,17,TENOSIQUE,145
28,1,ABASOLO,183
28,2,ALDAMA,786
28,3,ALTAMIRA,509
28,4,ANTIGUO MORELOS,177
28,5,BURGOS,255
28,6,BUSTAMANTE,31
28,7,CAMARGO,381
28,8,CASAS,322
28,9,CIUDAD MADERO,1
28,10,CRUILLAS,164
28,11,GOMEZ FARIAS,189
28,12,GONZALEZ,719
28,13,GUEMEZ,372
28,14,GUERRERO,289
28,15,GUSTAVO DIAZ ORDAZ,222
28,16,HIDALGO,282
28,17,JAUMAVE,106
28,18,JIMENEZ,169
28,19,LLERA,387
28,20,MAINERO,82
28,21,EL MANTE,410
28,22,MATAMOROS,1270
28,23,MENDEZ,299
28,24,MIER,164
28,25,MIGUEL ALEMAN,125
28,26,MIQUIHUANA,21
28,27,NUEVO LAREDO,208
28,28,NUEVO MORELOS,59
28,29,OCAMPO,218
28,30,PADILLA,252
28,31,PALMILLAS,27
28,32,REYNOSA,804
28,33,RIO BRAVO,792
28,34,SAN CARLOS,368
28,35,SAN FERNANDO,809
28,36,SAN NICOLAS,27
28,37,SOTO LA MARINA,803
28,38,TAMPICO,7
28,39,TULA,156
28,40,VALLE HERMOSO,293
28,41,VICTORIA,495
28,42,VILLAGRAN,213
28,43,XICOTENCATL,306
29,1,AMAXAC DE GUERRERO,4
29,2,APETATITLAN DE ANTONIO CARVAJAL,6
29,3,ATLANGATEPEC,94
29,4,ALTZAYANCA,78
29,5,APIZACO,25
29,6,CALPULALPAN,185
29,7,EL CARMEN TEQUEXQUITLA,5
29,8,CUAPIAXTLA,42
29,9,CUAXOMULCO,6
29,10,CHIAUTEMPAN,33
29,11,MUÑOZ DE DOMINGO ARENAS,19
29,12,ESPAÑITA,48
29,13,HUAMANTLA,154
29,14,HUEYOTLIPAN,60
29,15,IXTACUIXTLA DE MARIANO MATAMOROS,113
29,16,IXTENCO,10
29,17,MAZATECOCHCO DE JOSE MARIA MORELOS,11
29,18,CONTLA DE JUAN CUAMATZI,11
29,19,TEPETITLA DE LARDIZABAL,21
29,20,SANCTORUM DE LAZARO CARDENAS,41
29,21,NANACAMILPA DE MARIANO ARISTA,117
29,22,ACUAMANALA DE MIGUEL HIDALGO,4
29,23,NATIVITAS,41
29,24,PANOTLA,24
29,25,SAN PABLO DEL MONTE,25
29,26,SANTA CRUZ TLAXCALA,13
29,27,TENANCINGO,6
29,28,TEOLOCHOLCO,34
29,29,TEPEYANCO,14
29,30,TERRENATE,65
29,31,TETLA DE LA SOLIDARIDAD,75
29,32,TETLATLAHUCA,16
29,33,TLAXCALA,18
29,34,TLAXCO,303
29,35,TOCATLAN,3
29,36,TOTOLAC,10
29,37,ZITLALTEPEC DE TRINIDAD SANCHEZ SANTOS,13
29,38,TZOMPANTEPEC,17
29,39,XALOZTOC,21
29,40,XALTOCAN,34
29,41,PAPALOTLA DE XICOHTENCATL,8
29,42,XICOHTZINCO,1
29,43,YAUHQUEMECAN,16
29,44,ZACATELCO,11
29,45,BENITO JUAREZ,6
29,46,EMILIANO ZAPATA,34
29,47,LAZARO CARDENAS,10
29,48,LA MAGDALENA TLALTELULCO,1
29,49,SAN DAMIAN TEXOLOC,3
29,50,SAN FRANCISCO TETLANOHCAN,9
29,51,SAN JERONIMO ZACUALPAN,8
29,52,SAN JOSE TEACALCO,8
29,53,SAN JUAN HUACTZINCO,8
29,54,SAN LORENZO AXOCOMANITLA,5
29,55,SAN LUCAS TECOPILCO,15
29,56,SANTA ANA NOPALUCAN,4
29,57,SANTA APOLONIA TEACALCO,10
29,58,SANTA CATARINA AYOMETLA,1
29,59,SANTA CRUZ QUILEHTLA,3
29,60,SANTA ISABEL XILOXOXTLA,1
30,1,ACAJETE,48
30,2,ACATLAN,9
30,3,ACAYUCAN,417
30,4,ACTOPAN,328
30,5,ACULA,39
30,6,ACULTZINGO,38
30,7,CAMARON DE TEJEDA,34
30,8,ALPATLAHUAC,38
30,9,ALTO LUCERO DE GUTIERREZ BARRIOS,191
30,10,ALTOTONGA,92
30,11,ALVARADO,314
30,12,AMATITLAN,33
30,13,NARANJOS AMATLAN,119
30,14,AMATLAN DE LOS REYES,80
30,15,ANGEL R. CABADA,227
30,16,LA ANTIGUA,63
30,17,APAZAPAN,18
30,18,AQUILA,7
30,19,ASTACINGA,26
30,20,ATLAHUILCO,33
30,21,ATOYAC,84
30,22,ATZACAN,16
30,23,ATZALAN,197
30,24,TLALTETELA,48
30,25,AYAHUALULCO,40
30,26,BANDERILLA,36
30,27,BENITO JUAREZ,80
30,28,BOCA DEL RIO,16
30,29,CALCAHUALCO,36
30,30,CAMERINO Z. MENDOZA,5
30,31,CARRILLO PUERTO,98
30,32,CATEMACO,383
30,33,CAZONES,89
30,34,CERRO AZUL,65
30,35,CITLALTEPETL,39
30,36,COACOATZINTLA,22
30,37,COAHUITLAN,15
30,38,COATEPEC,154
30,39,COATZACOALCOS,75
30,40,COATZINTLA,157
30,41,COETZALA,5
30,42,COLIPA,72
30,43,COMAPA,73
30,44,CORDOBA,105
30,45,COSAMALOAPAN DE CARPIO,150
30,46,COSAUTLAN DE CARVAJAL,27
30,47,COSCOMATEPEC,63
30,48,COSOLEACAQUE,188
30,49,COTAXTLA,216
30,50,COXQUIHUI,28
30,51,COYUTLA,40
30,52,CUICHAPA,21
30,53,CUITLAHUAC,92
30,54,CHACALTIANGUIS,95
30,55,CHALMA,96
30,56,CHICONAMEL,60
30,57,CHICONQUIACO,56
30,58,CHICONTEPEC,331
30,59,CHINAMECA,130
30,60,CHINAMPA DE GOROSTIZA,93
30,61,LAS CHOAPAS,804
30,62,CHOCAMAN,18
30,63,CHONTLA,128
30,64,CHUMATLAN,7
30,65,EMILIANO ZAPATA,171
30,66,ESPINAL,91
30,67,FILOMENO MATA,11
30,68,FORTIN,54
30,69,GUTIERREZ ZAMORA,73
30,70,HIDALGOTITLAN,174
30,71,HUATUSCO,72
30,72,HUAYACOCOTLA,109
30,73,HUEYAPAN DE OCAMPO,152
30,74,HUILOAPAN,4
30,75,IGNACIO DE LA LLAVE,57
30,76,ILAMATLAN,29
30,77,ISLA,428
30,78,IXCATEPEC,61
30,79,IXHUACAN DE LOS REYES,58
30,80,IXHUATLAN DEL CAFE,32
30,81,IXHUATLANCILLO,18
30,82,IXHUATLAN DEL SURESTE,94
30,83,IXHUATLAN DE MADERO,172
30,84,IXMATLAHUACAN,110
30,85,IXTACZOQUITLAN,65
30,86,JALACINGO,46
30,87,XALAPA,74
30,88,JALCOMULCO,9
30,89,JALTIPAN,187
30,90,JAMAPA,47
30,91,JESUS CARRANZA,339
30,92,XICO,73
30,93,JILOTEPEC,32
30,94,JUAN RODRIGUEZ CLARA,234
30,95,JUCHIQUE DE FERRER,141
30,96,LANDERO Y COSS,3
30,97,LERDO DE TEJADA,41
30,98,MAGDALENA,8
30,99,MALTRATA,35
30,100,MANLIO FABIO ALTAMIRANO,112
30,101,MARIANO ESCOBEDO,49
30,102,MARTINEZ DE LA TORRE,268
30,103,MECATLAN,17
30,104,MECAYAPAN,90
30,105,MEDELLIN,181
30,106,MIAHUATLAN,14
30,107,LAS MINAS,12
30,108,MINATITLAN,328
30,109,MISANTLA,244
30,110,MIXTLA DE ALTAMIRANO,42
30,111,MOLOACAN,151
30,112,NAOLINCO,77
30,113,NARANJAL,11
30,114,NAUTLA,149
30,115,NOGALES,26
30,116,OLUTA,86
30,117,OMEALCA,63
30,118,ORIZABA,4
30,119,OTATITLAN,40
30,120,OTEAPAN,7
30,121,OZULUAMA DE MASCAREÑAS,1280
30,122,PAJAPAN,57
30,123,PANUCO,994
30,124,PAPANTLA,441
30,125,PASO DEL MACHO,155
30,126,PASO DE OVEJAS,129
30,127,LA PERLA,50
30,128,PEROTE,80
30,129,PLATON SANCHEZ,165
30,130,PLAYA VICENTE,302
30,131,POZA RICA DE HIDALGO,52
30,132,LAS VIGAS DE RAMIREZ,45
30,133,PUEBLO VIEJO,106
30,134,PUENTE NACIONAL,132
30,135,RAFAEL DELGADO,19
30,136,RAFAEL LUCIO,20
30,137,LOS REYES,20
30,138,RIO BLANCO,5
30,139,SALTABARRANCA,46
30,140,SAN ANDRES TENEJAPAN,9
30,141,SAN ANDRES TUXTLA,288
30,142,SAN JUAN EVANGELISTA,286
30,143,SANTIAGO TUXTLA,283
30,144,SAYULA DE ALEMAN,301
30,145,SOCONUSCO,78
30,146,SOCHIAPA,11
30,147,SOLEDAD ATZOMPA,36
30,148,SOLEDAD DE DOBLADO,166
30,149,SOTEAPAN,87
30,150,TAMALIN,127
30,151,TAMIAHUA,287
30,152,TAMPICO ALTO,282
30,153,TANCOCO,61
30,154,TANTIMA,170
30,155,TANTOYUCA,592
30,156,TATATILA,46
30,157,CASTILLO DE TEAYO,80
30,158,TECOLUTLA,309
30,159,TEHUIPANGO,40
30,160,TEMAPACHE,439
30,161,TEMPOAL,622
30,162,TENAMPA,17
30,163,TENOCHTITLAN,26
30,164,TEOCELO,29
30,165,TEPATLAXCO,12
30,166,TEPETLAN,26
30,167,TEPETZINTLA,114
30,168,TEQUILA,37
30,169,JOSE AZUETA,185
30,170,TEXCATEPEC,41
30,171,TEXHUACAN,18
30,172,TEXISTEPEC,163
30,173,TEZONAPA,147
30,174,TIERRA BLANCA,520
30,175,TIHUATLAN,450
30,176,TLACOJALPAN,33
30,177,TLACOLULAN,36
30,178,TLACOTALPAN,183
30,179,TLACOTEPEC DE MEJIA,10
30,180,TLACHICHILCO,72
30,181,TLALIXCOYAN,315
30,182,TLALNELHUAYOCAN,57
30,183,TLAPACOYAN,71
30,184,TLAQUILPA,68
30,185,TLILAPAN,7
30,186,TOMATLAN,12
30,187,TONAYAN,23
30,188,TOTUTLA,33
30,189,TUXPAM,534
30,190,TUXTILLA,8
30,191,URSULO GALVAN,51
30,192,VEGA DE ALATORRE,194
30,193,VERACRUZ,112
30,194,VILLA ALDAMA,8
30,195,XOXOCOTLA,18
30,196,YANGA,45
30,197,YECUATLA,69
30,198,ZACUALPAN,78
30,199,ZARAGOZA,23
30,200,ZENTLA,55
30,201,ZONGOLICA,148
30,202,ZONTECOMATLAN DE LOPEZ Y FUENTES,98
30,203,ZOZOCOLCO DE HIDALGO,30
30,204,AGUA DULCE,92
30,205,EL HIGO,165
30,206,NANCHITAL DE LAZARO CARDENAS DEL RIO,26
30,207,TRES VALLES,336
30,208,CARLOS A. CARRILLO,82
30,209,TATAHUICAPAN DE JUAREZ,55
30,210,UXPANAPA,157
30,211,SAN RAFAEL,118
30,212,SANTIAGO SOCHIAPAN,105
31,1,ABALA,256
31,2,ACANCEH,63
31,3,AKIL,30
31,4,BACA,61
31,5,BOKOBA,11
31,6,BUCTZOTZ,371
31,7,CACALCHEN,43
31,8,CALOTMUL,64
31,9,CANSAHCAB,30
31,10,CANTAMAYEC,65
31,11,CELESTUN,45
31,12,CENOTILLO,85
31,13,CONKAL,118
31,14,CUNCUNUL,24
31,15,CUZAMA,16
31,16,CHACSINKIN,18
31,17,CHANKOM,31
31,18,CHAPAB,19
31,19,CHEMAX,273
31,20,CHICXULUB PUEBLO,27
31,21,CHICHIMILA,51
31,22,CHIKINDZONOT,25
31,23,CHOCHOLA,81
31,24,CHUMAYEL,20
31,25,DZAN,16
31,26,DZEMUL,46
31,27,DZIDZANTUN,76
31,28,DZILAM DE BRAVO,98
31,29,DZILAM GONZALEZ,221
31,30,DZITAS,20
31,31,DZONCAUICH,44
31,32,ESPITA,139
31,33,HALACHO,65
31,34,HOCABA,25
31,35,HOCTUN,31
31,36,HOMUN,20
31,37,HUHI,24
31,38,HUNUCMA,110
31,39,IXIL,18
31,40,IZAMAL,93
31,41,KANASIN,155
31,42,KANTUNIL,22
31,43,KAUA,29
31,44,KINCHIL,48
31,45,KOPOMA,18
31,46,MAMA,18
31,47,MANI,42
31,48,MAXCANU,150
31,49,MAYAPAN,38
31,50,MERIDA,397
31,51,MOCOCHA,16
31,52,MOTUL,157
31,53,MUNA,41
31,54,MUXUPIP,20
31,55,OPICHEN,24
31,56,OXKUTZCAB,80
31,57,PANABA,341
31,58,PETO,133
31,59,PROGRESO,48
31,60,QUINTANA ROO,9
31,61,RIO LAGARTOS,112
31,62,SACALUM,22
31,63,SAMAHIL,69
31,64,SANAHCAT,8
31,65,SAN FELIPE,172
31,66,SANTA ELENA,22
31,67,SEYE,61
31,68,SINANCHE,32
31,69,SOTUTA,105
31,70,SUCILA,259
31,71,SUDZAL,34
31,72,SUMA,13
31,73,TAHDZIU,52
31,74,TAHMEK,29
31,75,TEABO,78
31,76,TECOH,54
31,77,TEKAL DE VENEGAS,30
31,78,TEKANTO,29
31,79,TEKAX,243
31,80,TEKIT,74
31,81,TEKOM,39
31,82,TELCHAC PUEBLO,35
31,83,TELCHAC PUERTO,17
31,84,TEMAX,90
31,85,TEMOZON,236
31,86,TEPAKAN,21
31,87,TETIZ,43
31,88,TEYA,16
31,89,TICUL,89
31,90,TIMUCUY,38
31,91,TINUM,64
31,92,TIXCACALCUPUL,57
31,93,TIXKOKOB,59
31,94,TIXMEHUAC,39
31,95,TIXPEHUAL,39
31,96,TIZIMIN,1400
31,97,TUNKAS,54
31,98,TZUCACAB,111
31,99,UAYMA,33
31,100,UCU,17
31,101,UMAN,223
31,102,VALLADOLID,432
31,103,XOCCHEL,24
31,104,YAXCABA,175
31,105,YAXKUKUL,13
31,106,YOBAIN,44
32,1,APOZOL,74
32,2,APULCO,41
32,3,ATOLINGA,28
32,4,BENITO JUAREZ,42
32,5,CALERA,164
32,6,CAÑITAS DE FELIPE PESCADOR,15
32,7,CONCEPCION DEL ORO,110
32,8,CUAUHTEMOC,64
32,9,CHALCHIHUITES,95
32,10,FRESNILLO,820
32,11,TRINIDAD GARCIA DE LA CADENA,89
32,12,GENARO CODINA,75
32,13,GENERAL ENRIQUE ESTRADA,79
32,14,GENERAL FRANCISCO R. MURGUIA,130
32,15,EL PLATEADO DE JOAQUIN AMARO,29
32,16,GENERAL PANFILO NATERA,73
32,17,GUADALUPE,184
32,18,HUANUSCO,72
32,19,JALPA,213
32,20,JEREZ,253
32,21,JIMENEZ DEL TEUL,115
32,22,JUAN ALDAMA,41
32,23,JUCHIPILA,57
32,24,LORETO,109
32,25,LUIS MOYA,78
32,26,MAZAPIL,292
32,27,MELCHOR OCAMPO,51
32,28,MEZQUITAL DEL ORO,105
32,29,MIGUEL AUZA,95
32,30,MOMAX,33
32,31,MONTE ESCOBEDO,266
32,32,MORELOS,45
32,33,MOYAHUA DE ESTRADA,92
32,34,NOCHISTLAN DE MEJIA,214
32,35,NORIA DE ANGELES,48
32,36,OJOCALIENTE,131
32,37,PANUCO,115
32,38,PINOS,370
32,39,RIO GRANDE,93
32,40,SAIN ALTO,98
32,41,EL SALVADOR,57
32,42,SOMBRERETE,278
32,43,SUSTICACAN,17
32,44,TABASCO,66
32,45,TEPECHITLAN,74
32,46,TEPETONGO,82
32,47,TEUL DE GONZALEZ ORTEGA,127
32,48,TLALTENANGO DE SANCHEZ ROMAN,92
32,49,VALPARAISO,465
32,50,VETAGRANDE,19
32,51,VILLA DE COS,448
32,52,VILLA GARCIA,64
32,53,VILLA GONZALEZ ORTEGA,74
32,54,VILLA HIDALGO,66
32,55,VILLANUEVA,173
32,56,ZACATECAS,106
32,57,TRANCOSO,40
32,58,SANTA MARIA DE LA PAZ,43
